KOD_SUKL;DATOD;DATDO;POVOL_BALENI;UCEL;PRACOVISTE;DISTRIBUTOR;POZNAMKA;PREDKLADATEL;VYROBCE
0010263;28.03.2023;30.11.2026;715;Zabezpeèení zásoby antidot pro léèbu osob kontaminovanıch radionuklidy v rámci Støedisek speciální zdravotní péèe o osoby ozáøené pøi radiaèních nehodách (SSZP) a v jinıch zdravotnickıch zaøízeních v Èeské republice a zabezpeèení antidot pro léèbu intoxikací tìkımi kovy pro zdravotnická zaøízení v Èeské republice.;Poskytovatelé zdravotních slueb formou ambulantní nebo lùkové péèe a Støediska speciální zdravotní péèe o osoby ozáøené pøi radiaèních nehodách (SSZP). Koordinaci léèebného programu zabezpeèuje Toxikologické informaèní støedisko Kliniky pracovního lékaøství Všeobecné fakultní nemocnice v Praze.;PHOENIX lékárenskı velkoobchod, s.r.o., K pérovnì 945/7, Hostivaø, 102 00 Praha 10;;Všeobecná fakultní nemocnice v Praze, se sídlem U Nemocnice 499/2, 128 08 Praha 2;"Haupt Pharma Berlin GmbH, Moosrosenstraße 7, 12347 Berlín, Nìmecko; Haupt Pharma Wülfing GmbH, Bethelner Landstr. 18, 31028 Gronau/Leine, Nìmecko"
0013386;01.01.2026;31.12.2028;30;Zabezpeèení léèivého pøípravku v rámci traumatologického plánu Jaderné elektrárny Temelín pro pouití pøi odstraòování nebo zamezení absorpce radiocesia (napø. Cs134, Cs137) v pøípadì radiaèní mimoøádné události. Lze pouít i jako antidotum pro intoxikaci radioaktivním thalliem èi rubidiem.;Ordinace všeobecného praktického lékaøe, MUDr. Koèvara Pavel, Bøezí u Tına nad Vltavou 71, 37305 Temelín;PHOENIX lékárenskı velkoobchod, s.r.o., K pérovnì 945/7, Hostivaø, 102 00 Praha 10;;MUDr. Koèvara Pavel, Bøezí u Tına nad Vltavou 71, 373 05 Temelín;Haupt Pharma Wülfing GmbH, Bethelner Landstr. 18, 31028 Gronau/Leine, Nìmecko
0013386;20.02.2024;31.01.2027;30;Odstraòování nebo zamezení absorpce radiocesia (napø. Cs134, Cs137). Lze pouít i jako antidotum pro intoxikaci radioaktivním thalliem èi rubidiem.;Dümed s.r.o. (ordinace všeobecného praktického lékaøe), Dukovany 269, 675 50 Dukovany.;PHOENIX lékárenskı velkoobchod, s.r.o., K pérovnì 945/7, Hostivaø, 102 00 Praha 10;;Dümed s.r.o., se sídlem Sadová 423, 675 55 Hrotovice;"Heyl Chem.-pharm. Fabrik GmbH & Co. KG, Kurfürstendamm 178-179
10707 Berlin, Nìmecko;
Haupt Pharma Wülfing GmbH, Bethelner Landstr. 18, 31028 Gronau/Leine, Nìmecko"
0013386;28.03.2023;30.11.2026;550;Zabezpeèení zásoby antidot pro léèbu osob kontaminovanıch radionuklidy v rámci Støedisek speciální zdravotní péèe o osoby ozáøené pøi radiaèních nehodách (SSZP) a v jinıch zdravotnickıch zaøízeních v Èeské republice a zabezpeèení antidot pro léèbu intoxikací tìkımi kovy pro zdravotnická zaøízení v Èeské republice.;Poskytovatelé zdravotních slueb formou ambulantní nebo lùkové péèe a Støediska speciální zdravotní péèe o osoby ozáøené pøi radiaèních nehodách (SSZP). Koordinaci léèebného programu zabezpeèuje Toxikologické informaèní støedisko Kliniky pracovního lékaøství Všeobecné fakultní nemocnice v Praze.;PHOENIX lékárenskı velkoobchod, s.r.o., K pérovnì 945/7, Hostivaø, 102 00 Praha 10;;Všeobecná fakultní nemocnice v Praze, se sídlem U Nemocnice 499/2, 128 08 Praha 2;"Heyl Chem.-pharm. Fabrik GmbH & Co. KG, Kurfürstendamm 178-179 10707 Berlin, Nìmecko; 
Haupt Pharma Wülfing GmbH, Bethelner Landstr. 18, 31028 Gronau/Leine, Nìmecko"
0014380;24.05.2021;30.06.2026;200;Zajištìní pohotovostní zásoby léèivého pøípravku k léèbì poškození jater zpùsobenım akutní intoxikací houbou Amanita phalloides (muchomùrka zelená).;Poskytovatelé zdravotních slueb formou ambulantní a lùkové péèe (koordinace léèebného programu: Toxikologické informaèní støedisko Kliniky pracovního lékaøství Všeobecné fakultní nemocnice v Praze).;PHOENIX lékárenskı velkoobchod, s.r.o., K pérovnì 945/7, Hostivaø, 102 00 Praha 10;;Všeobecná fakultní nemocnice v Praze, prostøednictvím Toxikologického informaèního støediska Kliniky pracovního lékaøství;Madaus GmbH, Nìmecko
0014383;24.05.2021;30.06.2026;200;Zajištìní pohotovostní zásoby léèivého pøípravku pro léèbu otrav organofosfátovımi insekticidy nebo chemickımi bojovımi látkami na bázi organofosfátù.;Poskytovatelé zdravotních slueb formou ambulantní a lùkové péèe (koordinace léèebného programu: Toxikologické informaèní støedisko Kliniky pracovního lékaøství Všeobecné fakultní nemocnice v Praze).;PHOENIX lékárenskı velkoobchod, s.r.o., K pérovnì 945/7, Hostivaø, 102 00 Praha 10;;Všeobecná fakultní nemocnice v Praze, prostøednictvím Toxikologického informaèního støediska Kliniky pracovního lékaøství;SERB SA, Avenue Louise 480, 1050 Brüssel, Belgie.
0014772;28.02.2026;29.02.2028;800;Testování funkce reprodukèní osy - odlišení poruchy na centrální úrovni (hypotalamická a pituitární úroveò poruchy) od gonadální dysfunkce u dìtí, adolescentù a dospìlıch. Testování se provádí u pacientù v dìtském vìku s pøedèasnou pubertou a té pøi sledování efektu léèby. U adolescentù je léèivı pøípravek urèen k diagnostice hypogonadismù a obdobnì jako u dospìlıch také pøi vyšetøení hyperandrogenních stavù. U dospìlıch je léèivı pøípravek pouíván zejména k diagnostice poruch pohlavního vıvoje a poruch reprodukce. Vyšetøení pomocí tohoto léèivého pøípravku je také souèástí testování osy hypotalamus-hypofıza u tumorù CNS k èasné detekci malfunkce.;poskytovatelé zdravotních slueb formou ambulantní a lùkové péèe;FERRING Pharmaceuticals CZ s.r.o., K Rybníku 475, 252 42 Jesenice u Prahy.;;FERRING Pharmaceuticals CZ s.r.o., K Rybníku 475, 252 42 Jesenice u Prahy.;Ferring GmbH, Wittland 11, D-24109 Kiel, Nìmecko
0017198;24.05.2021;30.06.2026;250;Zajištìní pohotovostní zásoby léèivého pøípravku pro léèbu otrav kyanidy a kyanovodíkem. Léèivı pøípravek lze pouít jako podpùrnı terapeutickı postup pøi systémovıch otravách yperitem, antidotum u otrav cisplatinou, k profylaxi otravy kyanidem pøi terapeutickém podávání nitroprusidu sodného, jako pøísada do roztoku k vıplachu aludku u otrav yperitem, cisplatinou a látkami obsahujícími jód.;Poskytovatelé zdravotních slueb formou ambulantní a lùkové péèe (koordinace léèebného programu: Toxikologické informaèní støedisko Kliniky pracovního lékaøství Všeobecné fakultní nemocnice v Praze).;PHOENIX lékárenskı velkoobchod, s.r.o., K pérovnì 945/7, Hostivaø, 102 00 Praha 10;;Všeobecná fakultní nemocnice v Praze, prostøednictvím Toxikologického informaèního støediska Kliniky pracovního lékaøství;Dr. Franz Köhler Chemie GmbH, Werner-von Siemens-Str. 14-28, 64625, Bensheim, Nìmecko.
0051734;24.05.2021;30.06.2026;250;Zajištìní pohotovostní zásoby léèivého pøípravku pro léèbu otrav olovem a rtutí.;Poskytovatelé zdravotních slueb formou ambulantní a lùkové péèe (koordinace léèebného programu: Toxikologické informaèní støedisko Kliniky pracovního lékaøství Všeobecné fakultní nemocnice v Praze).;PHOENIX lékárenskı velkoobchod, s.r.o., K pérovnì 945/7, Hostivaø, 102 00 Praha 10;;Všeobecná fakultní nemocnice v Praze, prostøednictvím Toxikologického informaèního støediska Kliniky pracovního lékaøství;SERB, 40 avenue George V, 75008 Paris, Francie
0101112;05.05.2026;30.04.2030;400;Zajištìní pohotovostní zásoby léèivého pøípravku pro léèbu pacientù s tuberkulózou jakékoli lokalizace v kritickém stavu s nemoností pøijímat léèiva per os nebo je vstøebávat z GIT (zejména pacienti na umìlé plicní ventilaci s podporou vitálních funkcí).;Poskytovatelé zdravotních slueb formou ambulantní a lùkové péèe (koordinace léèebného programu: Toxikologické informaèní støedisko Kliniky pracovního lékaøství Všeobecné fakultní nemocnice v Praze).;BIOTIKA BOHEMIA spol. s r.o., Durychova 101/66, Lhotka, 142 00 Praha 4;;Všeobecná fakultní nemocnice v Praze, U Nemocnice 499/2, 128 08 Praha 2;"SW Pharma GmbH, Robert-Koch Straße 1, 66578 Schiffweiler, Nìmecko; FAMAR HEALTH CARE SERVICES MADRID, S.A.U. Avda. Leganés, 62, 28923 Alcorcón, Madrid, Španìlsko"
0101112;31.10.2024;31.10.2026;5500;Léèba všech forem tuberkulózy s citlivostí pùvodcù na rifampicin, a to vdy v kombinaci s dalšími chemoterapeutiky s citlivostí na patogeny tuberkulózy. Léèba jinıch infekcí, jejich pùvodci jsou citliví na rifampicin. Pøi pouití rifampicinu by mìly bıt dodrovány obecnì uznávané pokyny pro vhodné pouití antimikrobiální látek, speciálnì pro pouití antimikrobiálních látek urèenıch k léèbì tuberkulózy. Pouití intravenózní formy je vyhrazeno pøedevším pro pacienty, kteøí se nacházejí v kritickıch situacích a trpí tìkou formou onemocnìní nebo u kterıch je orální aplikace nemoná nebo nevhodná (poruchy vìdomí nebo poruchy trávení, které omezují orální uívání pøípravku).;Poskytovatelé zdravotních slueb formou ambulantní a lùkové péèe.;BIOTIKA BOHEMIA spol. s r.o., Durychova 101/66, 142 00 Praha 4;;BIOTIKA BOHEMIA spol. s r.o., Durychova 101/66, 142 00 Praha 4;SW Pharma GmbH, Robert-Koch-Straße 1, 66578 Schiffweiler
0115527;12.03.2025;31.03.2027;30000;Zajištìní léèivého pøípravku pro léèbu urátovıch kamenù a pro metafylaxi (prevenci recidiv) kalciovıch, urátovıch a smíšenıch kamenù (kalcium/oxalát/urátovıch nebo kalcium-oxalátovıch/kalcium-fosfátovıch). Léèivı pøípravek je urèen pro léèbu dospìlıch a dìtí starších 12 let.;Poskytovatelé zdravotních slueb formou ambulantní a lùkové péèe;PHOENIX lékárenskı velkoobchod, s.r.o., K pérovnì 945/7, Hostivaø, 102 00 Praha 10;;Viatris CZ s.r.o., Evropská 2590/33c, Dejvice, 160 00 Praha 6;Madaus GmbH, Lütticher Straße 5, 53842 Troisdorf, Nìmecko
0115528;24.05.2021;30.06.2026;45;Zajištìní pohotovostní zásoby léèivého pøípravku pro léèbu tìkıch otrav kyanidy, kyanovodíkem, nitrily (slouèeninami s kyanoskupinou -C N) a spalinami uvolòujícími se z doutnajících poárù a hoøících plastù (pozn. není-li dostupné antidotum nezpùsobující methemoglobinémii).;Poskytovatelé zdravotních slueb formou ambulantní a lùkové péèe (koordinace léèebného programu: Toxikologické informaèní støedisko Kliniky pracovního lékaøství Všeobecné fakultní nemocnice v Praze).;PHOENIX lékárenskı velkoobchod, s.r.o., K pérovnì 945/7, Hostivaø, 102 00 Praha 10;;Všeobecná fakultní nemocnice v Praze, prostøednictvím Toxikologického informaèního støediska Kliniky pracovního lékaøství;Dr. Franz Köhler Chemie GmbH, Werner-von Siemens-Str. 14-28, 64625, Bensheim, Nìmecko
0136446;12.07.2024;31.07.2026;6000;Léèba akutní leukemie a navození remise, udrovací léèba akutní lymfoblastické leukemie a akutní myeloidní leukemie. Léèivı pøípravek je urèen pro dìti, mladistvé a dospìlé pacienty.;"Poskytovatelé zdravotních slueb formou ambulantní a lùkové péèe v oborech hematologie a transfuzní lékaøství, dìtská onkologie a hematologie; klinická onkologie, radiaèní onkologie a onkogynekologie.";PHOENIX lékárenskı velkoobchod, s.r.o., K Pérovnì 945/7, 102 00 Praha 10 - Hostivaø.;;Aspen Pharma Trading Limited, se sídlem 3016 Lake Drive, CityWest Business Campus, Dublin D24 X586, Irsko;"Excella GmbH & Co. KG, Nürnberger Strasse 12, Feucht, 90537, Nìmecko;
Aspen Bad Oldesloe GmbH, Industriestrasse 32-36, Bad Oldesloe, 23843, Nìmecko"
0154809;23.11.2021;30.11.2026;150;"Zajištìní pohotovostní zásoby léèivého pøípravku s léèivou látkou fysostigmin jako antidota pro léèbu otrav doprovázenıch tìkım centrálním anticholinergním syndromem, napø. alkoholem, tropanovımi alkaloidy (hyoscyamin, atropin, skopolamin; napø v rodech rostlin Durmanovec, Durman, Rulík), muchomùrkou tygrovanou a muchomùrkou èervenou; tricyklickımi antidepresivy (amitriptylin, imipramin, trimipramin, klomipramin, doxepin), antiemetiky/antihistaminiky (fenothiazin, thioridazin, chlorpromazin, promethazin, difenhydramin, dimenhydrinát), neuroleptiky (zejména butyrofenony), benzodiazepiny, spasmolytiky (tolterodin, oxybutynin), antiparkinsoniky (amantadin, difenhydramin), baklofenem, kyselinou gama-hydroxymáselnou, inhalaèními anestetiky, ketaminem, 3-chinuklidinyl benzylátem.";Poskytovatelé zdravotních slueb formou ambulantní a lùkové péèe (koordinace léèebného programu: Toxikologické informaèní støedisko Kliniky pracovního lékaøství Všeobecné fakultní nemocnice v Praze).;PHOENIX lékárenskı velkoobchod, s.r.o., K pérovnì 945/7, Hostivaø, 102 00 Praha 10;;Všeobecná fakultní nemocnice v Praze, prostøednictvím Toxikologického informaèního støediska Kliniky pracovního lékaøství;Dr.Franz Köhler Chemie GmbH, Werner-von-Siemens-Str. 14-28, D-64625 Bensheim, Nìmecko
0185085;11.03.2022;28.02.2027;100;Zajištìní pohotovostní zásoby léèivého pøípravku pro léèbu akutní intoxikace jedem zmije obecné a dalších zmijí (jde o hypoalergenní antisérum vhodné pro dìti a alergické osoby).;Poskytovatelé zdravotních slueb formou ambulantní a lùkové péèe (koordinace léèebného programu: Toxikologické informaèní støedisko Kliniky pracovního lékaøství Všeobecné fakultní nemocnice v Praze).;PHOENIX lékárenskı velkoobchod, s.r.o., K pérovnì 945/7, Hostivaø, 102 00 Praha 10;;Všeobecná fakultní nemocnice v Praze, prostøednictvím Toxikologického informaèního støediska Kliniky pracovního lékaøství;MicroPharm Ltd, Station Road Industrial Estate, Newcastle Emlyn, SA38 9BY, Spojené království Velké Británie a Severního Irska
0185261;05.11.2024;31.01.2027;3000;Léèba dospìlıch pacientù (muù a en) s neinvazivním karcinomem urotelu moèového mìchıøe.;Poskytovatelé zdravotních slueb formou ambulantní a lùkové péèe se specializací v oborech urologie, urogynekoonkologie, klinická onkologie.;"- PHOENIX, lékárenskı velkoobchod, s.r.o., K Pérovnì 945/7, Hostivaø, 102 00 Praha 10,
- PHARMOS a.s., Tìšínská 1349/296, Radvanice, 716 00 Ostrava,
- ViaPharma s.r.o., Na Florenci 2116/15, Nové Mìsto, 110 00 Praha 1,
- Alliance Healthcare s.r.o., Podle Trati 624/7, 10 800 Praha 10 ? Malešice.";V souladu s tímto rozhodnutím je léèivı pøípravek moné distribuovat do 31. 1. 2025. Léèivı pøípravek dodanı do lékáren je moné vydávat a pouívat pøi poskytování zdravotních slueb po dobu jeho doby pouitelnosti.;"Medac Gesellschaft für klinische Spezialpräparate m.b.H, Theaterstr. 6, 22880
Wedel, Nìmecko.";Medac Gesellschaft für klinische Spezialpräparate m.b.H., Theaterstr. 6, 22880 Wedel, Spolková republika Nìmecko
0185266;28.04.2026;30.04.2028;22000;Léèivı pøípravek FLUDROCOTISON je indikován k léèbì pacientù s primární adrenokortikální insuficiencí (Addisonova choroba) a sekundární adrenokortikální insuficiencí s minerálovım rozvratem èi hypotenzí, pacientù po operaci nadledvin, pacientù s adrenogenitálním syndromem s vysokımi ztrátami soli. Na základì rozhodnutí ošetøujícího lékaøe pacienta lze v souladu s doporuèeními odbornıch spoleèností léèivı pøípravek FLUDROCOTISON pouít pøi léèbì tìkıch forem ortostatické hypotenze.;Poskytovatelé zdravotních slueb formou ambulantní a lùkové péèe v oborech vnitøní lékaøství, dìtské lékaøství, praktické lékaøství pro dìti a dorost, endokrinologie (vèetnì dìtské), kardiologie.;PHOENIX lékárenskı velkoobchod, s.r.o., K Pérovnì 945/7, 102 00 Praha 10 - Hostivaø;;Viatris CZ s. r. o., Evropská 2590/33c, 160 00 Praha 6;Haupt Pharma Amareg GmbH, Donaustaufer Straße 378, 93055 Regensburg, Nìmecko
0185321;01.09.2025;31.08.2027;260;"Zajištìní léèivého pøípravku s léèivou látkou alemtuzumab pro léèbu:
- dospìlıch pacientù s chronickou lymfocytární leukemií (CLL), kteøí jsou refrakterní na léèbu standardními pøípravky registrovanımi v Èeské republice,
- dospìlıch pacientù s T-prolymfocytární leukemií,
- dospìlıch pacientù s CLL indukovanou autoimunní hemolytickou anémií èi autoimunitní trombocytopenií, s dalšími lymfoproliferativními onemocnìními.
Ošetøující lékaøi by mìli postupovat v souladu s odbornou informací o pøípravku (Preskripèní informace) a souèasnì s doporuèeními Èeské hematologické spoleènosti Èeské lékaøské spoleènosti J. E. Purkynì ? Èervená kniha Léèebné postupy v hematologii v aktuální verzi zveøejnìné na https://www.hematology.cz/doporuceni-chs/, resp. doporuèeními Èeské skupiny pro chronickou lymfocytární leukémii (https://cll.cz/node/31).";"- Interní hematologická a onkologická klinika, Fakultní nemocnice Brno, Jihlavská 340/20, 625 00 Brno,
- I. interní klinika ? klinika hematologie, Všeobecná fakultní nemocnice v Praze, U nemocnice 499/2, 128 08 Praha 2,
- Ústav hematologie a krevní transfuze, U nemocnice 2094/1, 128 00 Praha 2,
- IV. interní hematologická klinika, Fakultní nemocnice Hradec Králové, Sokolská 581, 500 05 Hradec Králové,
- Interní hematologická klinika, Fakultní nemocnice Královské Vinohrady, Šrobárova 1150/50, 100 34 Praha 10,
- Hematologicko-onkologické oddìlení, Fakultní nemocnice Plzeò, Alej Svobody 923/80, 323 00 Plzeò,
- Hemato-onkologická klinika, Fakultní nemocnice Olomouc, I.P. Pavlova 185/6, 779 00 Olomouc,
- Klinika hematoonkologie, Fakultní nemocnice Ostrava, 17. listopadu 1790/5, 708 52 Ostrava-Poruba.";Sanofi s.r.o., Generála Píky 430/26, 160 00 Praha 6;Vzhledem k tomu, e na obalu léèivého pøípravku je uveden 2D kód, kterı není jedineènım identifikátorem ve smyslu naøízení Komise v pøenesené pravomoci (EU) 2016/161 ze dne 2. øíjna 2015, kterım se doplòuje smìrnice Evropského parlamentu a Rady 2001/83/ES, stanovením podrobnıch pravidel pro ochranné prvky uvedené na obalu humánních léèivıch pøípravkù (dále jen ?naøízení o ochrannıch prvcích?), je vıdej léèivého pøípravku monı bez ovìøení 2D kódu.;Sanofi s.r.o., Generála Píky 430/26, 160 00 Praha 6;"EUROAPI UK Limited, 37 Hollands Road, Haverhill, Suffolk, CB9 8PU, Spojené Království; Sanofi Ireland Limited, Unit 701IDA Industrial Park, Old Kilmeaden Road, Waterford, Irsko"
0185321;01.11.2024;31.10.2027;45;"Zajištìní léèivého pøípravku s léèivou látkou alemtuzumab pro léèbu pacientù starších 18 let, kterı je indikován po transplantaci orgánù jako léèba 2. linie v pøípadì:
-indukèní léèby u pacientù s vysokım imunologickım rizikem, u kterıch není moná léèba králièím antithymocytárním globulinem nebo se nepøedpokládá jeho dostateèná úèinnost,
-záchranné léèby u pacientù s biopticky ovìøenou refrakterní akutní celulární rejekcí.
Léèba je nejèastìji indikována po transplantaci ledvin a ve vıjimeènıch pøípadech po transplantaci jinıch orgánù. Toto léèebné pouití alemtuzumabu je v souladu s Doporuèenım postupem Spoleènosti pro orgánové transplantace ÈLS JEP pro léèbu alemtuzumabem u nemocnıch po transplantaci orgánù (verze 18. 10. 2024).";Klinika nefrologie, Transplantcentrum IKEM;Sanofi s.r.o., Generála Píky 430/26, 160 00 Praha 6;Vzhledem k tomu, e na obalu léèivého pøípravku je uveden 2D kód, kterı není jedineènım identifikátorem ve smyslu naøízení Komise v pøenesené pravomoci (EU) 2016/161 ze dne 2. øíjna 2015, kterım se doplòuje smìrnice Evropského parlamentu a Rady 2001/83/ES, stanovením podrobnıch pravidel pro ochranné prvky uvedené na obalu humánních léèivıch pøípravkù (dále jen ?naøízení o ochrannıch prvcích?), je vıdej léèivého pøípravku monı bez ovìøení uvedeného 2D kódu.;Institut klinické a experimentální medicíny, Vídeòská 1958/9, 140 21 Praha 4;"EUROAPI UK Limited, 37 Hollands Road, Haverhill, Suffolk, CB9 8PU, Spojené Království; Sanofi Ireland Limited, Unit 701IDA Industrial Park, Old Kilmeaden Road, Waterford, Irsko."
0185336;19.07.2025;30.06.2027;200;"Zajištìní léèby pacientù s maligní fenylketonurií na podkladì dìdièné poruchy metabolismu pterinù. Vzhledem k tomu, e v rámci specifického léèebného programu není léèivı pøípravek LEVOTONINE pouíván v souladu se souhrnem údajù o pøípravku, tj. je pouíván v jiné indikaci, ošetøující lékaøi by mìli pøi léèbì postupovat v souladu s mezinárodnì doporuèenımi postupy léèby uvedeného metabolického onemocnìní:
-Burlina, A., van Spronsen, F.J., Blau, N. (2022). Disorders of Phenylalanine and Tetrahydrobiopterin Metabolism. In: Blau, N., Dionisi Vici, C., Ferreira, C.R., Vianey-Saban, C., van Karnebeek, C.D.M. (eds) Physician's Guide to the Diagnosis, Treatment, and Follow-Up of Inherited Metabolic Diseases. Springer, Cham. https://doi.org/10.1007/978-3-030-67727-5_20
-https://pmc.ncbi.nlm.nih.gov/articles/PMC5639803/
-https://www.fda.gov/drugs/drug-safety-and-availability/fda-issues-guidance-compounding-oral-oxitriptan-5-htp-patients-tetrahydrobiopterin-bh4-deficiency
-https://ojrd.biomedcentral.com/articles/10.1186/s13023-020-01379-8.";Klinika pediatrie a dìdiènıch poruch metabolismu Všeobecné fakultní nemocnice v Praze, Ke Karlovu 455/2, 128 08 Praha 2.;PHOENIX lékárenskı velkoobchod, s.r.o., K pérovnì 945/7, Hostivaø, 110 00 Praha 10;;Všeobecná fakultní nemocnice v Praze, U Nemocnice 499/2, 128 08 Praha 2;"PANPHARMA, Z.I. du Clairay 351 33, Luitré, Francie;
LAPHAL Industries, 248 Avenue de la Victoire, 131 06 Rousset, Francie"
0185384;24.05.2021;31.05.2026;;Zajištìní pohotovostní zásoby léèivého pøípravku pro léèbu koní, mukokutánní a viscerální leishmaniózy.;"Poskytovatelé zdravotních slueb formou ambulantní a lùkové péèe (koordinace léèebného programu: Toxikologické informaèní støedisko Kliniky pracovního lékaøství Všeobecné fakultní nemocnice v Praze).
";PHOENIX lékárenskı velkoobchod, s.r.o., K pérovnì 945/7, Hostivaø, 102 00 Praha 10;750 ampulek (platí pro oba pøípravky celkem);Všeobecná fakultní nemocnice v Praze, prostøednictvím Toxikologického informaèního støediska Kliniky pracovního lékaøství;"Haupt Pharma Livron S.A.S., 1 Rue Comte de Sinard 26250 Livron, Francie 
 Famar Health Care Services Madrid S.A.U., Avenida Leganés 62, 28923 Alcorcón, Madrid, Španìlsko."
0185386;24.05.2021;31.05.2026;200;Zajištìní pohotovostní zásoby léèivého pøípravku pro perorální antirelabsovou léèbu malárie terciány vyvolané pùvodci Plasmodium vivax nebo Plasmodium ovale. Léèivı pøípravek není vhodné podávat dìtem s tìlesnou hmotností niší ne 30 kg nebo dìtem s mírnou nebo støednì závanou formou deficitu glukóza-6-fosfát-dehydrogenázy (G6PD) s tìlesnou hmotností niší ne 20 kg.;Poskytovatelé zdravotních slueb formou ambulantní a lùkové péèe (koordinace léèebného programu: Toxikologické informaèní støedisko Kliniky pracovního lékaøství Všeobecné fakultní nemocnice v Praze);PHOENIX lékárenskı velkoobchod, s.r.o., K pérovnì 945/7, Hostivaø, 102 00 Praha 10;;Všeobecná fakultní nemocnice v Praze, prostøednictvím Toxikologického informaèního støediska Kliniky pracovního lékaøství;sanofi-aventis Canada Inc., Laval, Quebec, H7V 0A3, Kanada
0185389;04.05.2026;30.04.2030;240;"Zajištìní pohotovostní zásoby léèivého pøípravku ? hyperimunního imunoglobulinu pro:
-léèbu èi profylaxi varicely po kontaktu u novorozence a dítìte do 1 roku vìku s imunodefektem; tzn. novorozenci v inkubaci varicely od matky, která onemocnìla v dobì kolem porodu (5?7 dní pøed porodem a 2-7 dní po porodu) a dìti do 1 roku vìku se závanou poruchou imunity, které se dostaly do pøímého kontaktu s varicelou.
-profylaxe varicely u tìhotnıch en (Doporuèenı postup profylaxe a léèby varicely u tìhotnıch a novorozencù Spoleènosti infekèního lékaøství Èeské lékaøské spoleènosti J. E. Purkynì; https://infektologie.cz/DPVaricGrav18.htm).";Poskytovatelé zdravotních slueb formou ambulantní a lùkové péèe (koordinace léèebného programu: Toxikologické informaèní støedisko Kliniky pracovního lékaøství Všeobecné fakultní nemocnice v Praze).;Reg-Pharm, s.r.o., Fialková 2163/45, Zábìhlice, 106 00 Praha 10;;Všeobecná fakultní nemocnice v Praze, U Nemocnice 499/2, 128 08 Praha 2;Biotest Pharma GmbH, Landsteinerstraße 5, 63303 Dreieich, Nìmecko
0185610;24.05.2022;31.05.2027;50;"Zabezpeèení léèivého pøípravku k léèbì otrav po uštknutí exotickımi jedovatımi hady:
-Crotalus durissus terrificus, Crotalus durissus-chøestıš brazilskı (rattlesnake, pig snout, tziripa, saye, tropical rattlesnake, shunu, tzab-can, aj.).
-Bothrops asper, Bothrops atrox-køovináø aksamitovı, køovináø sametovı (Nauyaca, four noses, yellow beard, velvet, equis, mapana, jararaca, toboba, bone tail, tree viper, green viper, royal nauyaca, river nauyaca, chatilla nauyaca, lever, lever lora, deaf viper, tepoch, ergot, nescascuatl, torito, chac-can, aj.).
-Bothrops neuwiedii, Bothrops alternatus (urutu), Bothrops jararacussu, Bothrops venezuelensis, Bothrops pictus, Bothrops brazili-køovináøi
-Lachessis muta stenophrys, Lachesis muta muta-køovináø nìmı (Machaco lora, mute rattlesnake, rieca, warty, surucucu, lorita, patoco, patuquillo).
-Sistrurus sp. - chøestıšek (Nine-plate rattlesnake).
-Agkistrodon sp.-ploskolebec (Cantil, zolcuate, moccasin, cantil de agua, castellana, cumcoatl, metapil, puchucuate, volpoch, aj.).";poskytovatelé zdravotních slueb formou ambulantní a lùkové péèe (koordinace léèebného programu: Toxikologické informaèní støedisko Kliniky pracovního lékaøství Všeobecné fakultní nemocnice v Praze).;PHOENIX lékárenskı velkoobchod, s.r.o., K pérovnì 945/7, Hostivaø, 102 00 Praha 10;;Všeobecná fakultní nemocnice v Praze, se sídlem U Nemocnice 499/2, 128 08 Praha 2;Laboratorios Silanes, S.A. de C.V., Eje 3 Norte Esq. Prolongación 6 Norte No. 200, Km 52.8, Parque Industrial Toluca 2000, C.P.50200, Toluca, Mexiko
0185611;24.05.2022;31.05.2027;50;"Zabezpeèení léèivého pøípravku k léèbì otrav po uštknutí exotickımi jedovatımi hady:
-Kobra indická (Naja naja)
-Bungar modravı (Bungarus caeruleus)
-Zmije øetízková (Daboia russelii)
-Zmije paví (Echis carinatus)";poskytovatelé zdravotních slueb formou ambulantní a lùkové péèe (koordinace léèebného programu: Toxikologické informaèní støedisko Kliniky pracovního lékaøství Všeobecné fakultní nemocnice v Praze);PHOENIX lékárenskı velkoobchod, s.r.o., K pérovnì 945/7, Hostivaø, 102 00 Praha 10;50 (platí pro obì lékové formy celkem);Všeobecná fakultní nemocnicí v Praze, se sídlem U Nemocnice 499/2, 128 08 Praha 2;"Vins Bioproducts Limited, Sy. No. 117, Thimmapur (V), Kothur (M),
Rangareddy (Dist.)-509325, Telangana, Indie"
0185612;24.05.2022;31.05.2027;50;"Zabezpeèení léèivého pøípravku k léèbì otrav po uštknutí exotickımi jedovatımi hady:
-Kobra indická (Naja naja)
-Bungar modravı (Bungarus caeruleus)
-Zmije øetízková (Daboia russelii)
-Zmije paví (Echis carinatus)";poskytovatelé zdravotních slueb formou ambulantní a lùkové péèe (koordinace léèebného programu: Toxikologické informaèní støedisko Kliniky pracovního lékaøství Všeobecné fakultní nemocnice v Praze);PHOENIX lékárenskı velkoobchod, s.r.o., K pérovnì 945/7, Hostivaø, 102 00 Praha 10;50 (platí pro obì lékové formy celkem);Všeobecná fakultní nemocnicí v Praze, se sídlem U Nemocnice 499/2, 128 08 Praha 2;"Vins Bioproducts Limited, Sy. No. 117, Thimmapur (V), Kothur (M),
Rangareddy (Dist.)-509325, Telangana, Indie"
0185942;05.05.2026;30.04.2030;8;"Zajištìní pohotovostní zásoby léèivého pøípravku pro léèbu pacientù s tuberkulózou jakékoli lokalizace zpùsobené kmenem Mycobacterium tuberculosis rezistentním nejménì na dvì základní antituberkulotika (isoniazid, rifampicin).
Vzhledem k tomu, e v rámci specifického léèebného programu léèivı pøípravek LAMPRENE není pouíván v souladu s odbornou informací pro pøedepisování, tj. je pouíván v jiné indikaci, ošetøující lékaøi by mìli pøi léèbì postupovat v souladu s doporuèenımi postupy Èeské pneumologické a ftizeologické spoleènosti Èeské lékaøské spoleènosti Jana Evangelisty Purkynì a doporuèeními (guidelines) WHO - WHO consolidated guidelines on tuberculosis: module 4: treatment and care (https://www.who.int/publications/i/item/9789240107243).";Poskytovatelé zdravotních slueb formou ambulantní a lùkové péèe (koordinace léèebného programu: Toxikologické informaèní støedisko Kliniky pracovního lékaøství Všeobecné fakultní nemocnice v Praze).;BIOTIKA BOHEMIA spol. s r.o., Durychova 101/66, Lhotka, 142 00 Praha 4;;Všeobecná fakultní nemocnice v Praze, U Nemocnice 499/2, 128 08 Praha 2;"Catalent Germany Eberbach GmbH, Gemmelsbacher Str. 2, 694 15 Eberbach,
Nìmecko"
0185942;13.10.2023;30.09.2026;700;Léèba tuberkulózy, která není citlivá na antituberkulotika, tzv. multirezistentní tuberkulóza (multidrug-resistant tuberculosis, MDR-TB). Vzhledem k tomu, e v rámci specifického léèebného programu léèivı pøípravek LAMPRENE není pouíván v souladu s odbornou informací pro pøedepisování (Export prescribing information), tj. je pouíván v jiné (další) indikaci, ošetøující lékaøi by mìli pøi léèbì postupovat v souladu s doporuèenımi postupy Èeské pneumologické a ftizeologické spoleènosti Èeské lékaøské spoleènosti J. E. Purkynì a doporuèeními (guidelines) Svìtové zdravotnické organizace (WHO): WHO Consolidated Guidelines on Tuberculosis, Module 4: Treatment - Drug-Resistant Tuberculosis Treatment a WHO Operational Handbook on Tuberculosis, Module 4: Treatment - Drug-Resistant Tuberculosis Treatment (https://www.who.int/health-topics/tuberculosis),;Poskytovatelé zdravotních slueb formou ambulantní a lùkové péèe v oborech infekèního lékaøství a pneumologie a ftizeologie.;BIOTIKA BOHEMIA spol. s r.o., Durychova 101/66, 142 00 Praha 4;;BIOTIKA BOHEMIA spol. s r.o., Durychova 101/66, 142 00 Praha 4;Catalent Germany Eberbach, Gammelsbacher Strasse 2, 69412 Eberbach, Nìmecko
0207635;24.05.2021;31.05.2026;;Zajištìní pohotovostní zásoby léèivého pøípravku pro intravenózní a inhalaèní léèbu pneumocystové pneumonie (pùvodce Pneumocystis carinii) oslabenıch pacientù èi pacientù se sníenou obranyschopností organismu, jako napø. u pacientù s AIDS, a pro léèbu africké trypanozomózy (pùvodce Trypanosoma gambiense).;Poskytovatelé zdravotních slueb formou ambulantní a lùkové péèe (koordinace léèebného programu: Toxikologické informaèní støedisko Kliniky pracovního lékaøství Všeobecné fakultní nemocnice v Praze).;PHOENIX lékárenskı velkoobchod, s.r.o., K pérovnì 945/7, Hostivaø, 102 00 Praha 10;"300 lahvièek
(platí pro obì velikosti balení)";Všeobecná fakultní nemocnice v Praze, prostøednictvím Toxikologického informaèního støediska Kliniky pracovního lékaøství;Sanofi S.p.A. Viale Luigi Bodio, 37/B 20158 Milano, Itálie
0207756;01.08.2023;31.07.2026;396000;Léèba akutních a chronickıch onemocnìní dıchacích cest s bronchospasmy a s narušenou tvorbou a transportem sekretu (zejména akutní bronchitidy, chronického bronchiálního astmatu, emfyzému, laryngotracheitidy, bronchiektázie a cystické fibrózy), a to v pøípadì benefitu pacienta z dané kombinace léèivıch látek nebo v pøípadì nemonosti aplikace inhalaèního bronchodilatans. Pøípravek je urèen pro dìti do 12 let vìku.;Poskytovatelé zdravotních slueb formou ambulantní a lùkové péèe.;AV Medical CZ s.r.o., Dobronická 1257, Kunratice, 148 00 Praha 4, Èeská republika;;AV Medical CZ s.r.o., Dobronická 1257, Kunratice, 148 00 Praha 4, Èeská republika;Laboratórios Basi - Indústria Farmaceutica, S.A., Parque Industrial Manuel Lourenço Ferreira Lote 8 15 E 16, 3450-232 Mortágua, Portugalsko
0207777;03.03.2025;29.02.2028;3000;"Léèivı pøípravek je indikován u dospìlıch muù k léèbì hypogonadotropního hypogonadismu (i v pøípadì idiopatickıch dysspermií) a k ovìøení funkèní schopnosti varlat pøi hypogonadotropním hypogonadismu. U dìtí je léèivı pøípravek indikován pøi opodìné pubertì chlapcù spojené s nedostateènou hypofyzární sekrecí gonadotropinù; u kryptorchismu, kterı není zpùsoben anatomickou obstrukcí a k diferenciální diagnóze varlete v dutinì bøišní a anorchismu.";Poskytovatelé zdravotních slueb formou ambulantní a lùkové péèe poskytující péèi v oborech sexuologie, andrologie, dìtské lékaøství, praktické lékaøství pro dìti a dorost, dìtská gynekologie, endokrinologie.;FERRING Pharmaceuticals CZ s.r.o., K Rybníku 475, 252 42 Jesenice u Prahy.;;FERRING Pharmaceuticals CZ s.r.o., K Rybníku 475, 252 42 Jesenice u Prahy.;Ferring GmbH, Wittland 11, D-24109 Kiel, Nìmecko
0231686;01.07.2023;30.06.2026;12600;Léèba paroxysmální supraventrikulární tachykardie a sníení frekvence komor pøi flutteru/fibrilaci síní u pacientù bez omezení vìku a pohlaví.;Poskytovatelé zdravotních slueb formou ambulantní a lùkové péèe.;AV Medical CZ s.r.o., Dobronická 1257, 148 00 Praha 4;;AV Medical CZ s.r.o., Dobronická 1257, 148 00 Praha 4;SOPHARMA AD, 16, Iliensko Shosse Street, 1220 Sofia, Bulharsko
0231726;01.03.2024;28.02.2029;60000;Léèba infekèních onemocnìní vyvolanıch patogeny vysoce citlivımi na peniciliny u dospìlıch a dìtí: infekce horních cest dıchacích (zejména infekce vyvolané streptokokem skupiny A), primární a sekundární syfilis, latentní syfilis, terciální syfilis u dospìlıch, vrozená syfilis u dìtí s vıjimkou novorozencù s prokázanou nebo vysoce pravdìpodobnou vrozenou syfilitidou, frambézie, endemická syfilis (bejel), pinta. Profylaxe revmatické horeèky a diftérie (vèetnì eliminace asymtomatického pøenašeèe). Vzhledem k obsahu pomocné látky lidocaini hydrochloridum lze pøípravek LENTOCILIN pouívat s opatrností pøi kardiovaskulární, jaterní nebo renální dysfunkci, zánìtu a/nebo infekci v místì vpichu nebo citlivosti na lokální anestetika amidového typu, u dìtí, starších pacientù a pacientù s akutním onemocnìním nebo oslabenıch pacientù, u pacientù se soubìnou léèbou léèivy tlumícími CNS.;Poskytovatelé zdravotních slueb formou ambulantní a lùkové péèe.;"AV Medical CZ s.r.o., Dobronická 1257, Kunratice, 148 00 Praha 4, Èeská republika;";V souladu s tímto rozhodnutím je léèivı pøípravek moné distribuovat do 28. 2. 2025. Léèivı pøípravek dodanı do lékáren je moné vydávat a pouívat pøi poskytování zdravotních slueb po dobu jeho doby pouitelnosti.;"AV Medical CZ s.r.o., Dobronická 1257, Kunratice, 148 00 Praha 4, Èeská republika;";Laboratórios Atral, S.A., Rua da Estaçao, no.s 1 e 1A, 2600-726 Castanheira do Ribatejo, Portugalsko
0231726;22.08.2023;30.06.2028;21000;"Léèba infekèních onemocnìní vyvolanıch patogeny vysoce citlivımi na peniciliny
u dospìlıch a dìtí: infekce horních cest dıchacích (zejména infekce vyvolané
streptokokem skupiny A), primární a sekundární syfilis, latentní syfilis, terciální syfilis
u dospìlıch, vrozená syfilis u dìtí s vıjimkou novorozencù s prokázanou nebo
vysoce pravdìpodobnou vrozenou syfilitidou, frambézie, endemická syfilis (bejel),
pinta. Profylaxe revmatické horeèky a diftérie (vèetnì eliminace asymtomatického
pøenašeèe). Vzhledem k obsahu pomocné látky lidocaini hydrochloridum lze
pøípravek LENTOCILIN pouívat s opatrností pøi kardiovaskulární, jaterní nebo
renální dysfunkci, zánìtu a/nebo infekci v místì vpichu nebo citlivosti na lokální
anestetika amidového typu, u dìtí, starších pacientù a pacientù s akutním
onemocnìním nebo oslabenıch pacientù, u pacientù se soubìnou léèbou léèivy
tlumícími CNS.";Poskytovatelé zdravotních slueb formou ambulantní a lùkové péèe.;AV Medical CZ s.r.o., Dobronická 1257, Kunratice, 148 00 Praha 4, Èeská republika;"V souladu s tímto rozhodnutím je léèivı pøípravek moné distribuovat do 30. 6. 2024.
Léèivı pøípravek dodanı do lékáren je moné vydávat a pouívat pøi poskytování
zdravotních slueb po dobu jeho doby pouitelnosti.";"AV Medical CZ s.r.o., Dobronická 1257, Kunratice, 148 00 Praha 4, Èeská republika;";Laboratórios Atral, S.A., Rua da Estaçao, no.s 1 e 1A, 2600-726 Castanheira do Ribatejo, Portugalsko
0231726;16.12.2022;31.12.2027;55800;"Léèba infekèních onemocnìní vyvolanıch patogeny vysoce citlivımi na peniciliny
u dospìlıch a dìtí: infekce horních cest dıchacích (zejména infekce vyvolané
streptokokem skupiny A), primární a sekundární syfilis, latentní syfilis, terciální syfilis
u dospìlıch, vrozená syfilis u dìtí s vıjimkou novorozencù s prokázanou nebo
vysoce pravdìpodobnou vrozenou syfilitidou, frambézie, endemická syfilis (bejel),
pinta. Profylaxe revmatické horeèky a diftérie (vèetnì eliminace asymtomatického
pøenašeèe). Vzhledem k obsahu pomocné látky lidocaini hydrochloridum lze
pøípravek LENTOCILIN pouívat s opatrností pøi kardiovaskulární, jaterní nebo
renální dysfunkci, zánìtu a/nebo infekci v místì vpichu nebo citlivosti na lokální
anestetika amidového typu, u dìtí, starších pacientù a pacientù s akutním
onemocnìním nebo oslabenıch pacientù, u pacientù se soubìnou léèbou léèivy
tlumícími CNS.";Poskytovatelé zdravotních slueb formou ambulantní a lùkové péèe.;AV Medical CZ s.r.o., Dobronická 1257, Kunratice, 148 00 Praha 4, Èeská republika;V souladu s tímto rozhodnutím je léèivı pøípravek moné distribuovat do 31. 12. 2023. Léèivı pøípravek dodanı do lékáren je moné vydávat a pouívat pøi poskytování zdravotních slueb po dobu jeho doby pouitelnosti.;AV Medical CZ s.r.o., Dobronická 1257, Kunratice, 148 00 Praha 4, Èeská republika;Laboratórios Atral, SA, Rua da Estaçao, no.s 1 e 1A, 2600-726 Castanheira do Ribatejo, Portugalsko
0231726;27.05.2021;31.12.2026;47000;Léèba infekèních onemocnìní vyvolanıch patogeny vysoce citlivımi na peniciliny u dospìlıch a dìtí: infekce horních cest dıchacích (zejména infekce streptokokem skupiny A), primární a sekundární syfilis, latentní syfilis, terciální syfilis u dospìlıch, vrozená syfilis u dìtí s vıjimkou novorozencù s prokázanou nebo vysoce pravdìpodobnou vrozenou syfilitidou, frambézie, endemická syfilis (bejel), pinta. Profylaxe revmatické horeèky a diftérie (vèetnì odstranìní asymtomatického stavu u nosièe). Vzhledem k obsahu pomocné látky lidocaini hydrochloridum lze pøípravek LENTOCILIN pouívat s opatrností pøi kardiovaskulární, jaterní nebo renální dysfunkci, zánìtu a/nebo infekci v místì injekce, u dìtí, starších pacientù a pacientù s akutním onemocnìním nebo oslabenıch pacientù, u pacientù uívajících sedativa pùsobící na CNS.;Poskytovatelé zdravotních slueb formou ambulantní a lùkové péèe.;AV Medical CZ s.r.o, se sídlem Dobronická 1257, Kunratice, 148 00 Praha 4.;Léèivı pøípravek je moné distribuovat do 31. 12. 2022. Léèivı pøípravek dodanı do lékáren je moné vydávat a pouívat pøi poskytování zdravotních slueb po dobu jeho doby pouitelnosti.;AV Medical CZ s.r.o, se sídlem Dobronická 1257, Kunratice, 148 00 Praha 4;Laboratórios Atral, S. A., Rua da Estaçao 42, Vala do Carregado, 2600 ? 726 Castanheira do Ribatejo, Portugalsko
0231727;24.02.2026;28.02.2030;8000;Zabezpeèení pohotovostní zásoby antirabického séra k postexpozièní profylaxi vztekliny.;Poskytovatelé zdravotních slueb formou ambulantní nebo lùkové péèe (koordinace léèebného programu: Toxikologické informaèní støedisko Kliniky pracovního lékaøství Všeobecné fakultní nemocnice v Praze).;CSL BEHRING s.r.o., Vyskoèilova 1461/2a, 140 00 Praha 4-Michle;"Poèet balení pøípravkù:
8000 (platí kumulativnì pro všechny pøípravky).";Všeobecná fakultní nemocnice v Praze, U nemocnice 2/499, 128 08 Praha 2;CSL Behring GmbH, Emil-von-Behring-Str. 76, 35041 Marburg, Nìmecko
0231728;24.02.2026;28.02.2030;8000;Zabezpeèení pohotovostní zásoby antirabického séra k postexpozièní profylaxi vztekliny.;Poskytovatelé zdravotních slueb formou ambulantní nebo lùkové péèe (koordinace léèebného programu: Toxikologické informaèní støedisko Kliniky pracovního lékaøství Všeobecné fakultní nemocnice v Praze).;CSL BEHRING s.r.o., Vyskoèilova 1461/2a, 140 00 Praha 4-Michle;"Poèet balení pøípravkù:
8000 (platí kumulativnì pro všechny pøípravky).";Všeobecná fakultní nemocnice v Praze, U nemocnice 2/499, 128 08 Praha 2;CSL Behring GmbH, Emil-von-Behring-Str. 76, 35041 Marburg, Nìmecko
0231736;25.09.2023;30.09.2027;320;Léèba symptomatického botulismu po prokázané nebo pøedpokládané expozici botulinového neurotoxinu sérotypu A, B a E u dospìlıch a dìtí.;Poskytovatelé zdravotních slueb formou ambulantní nebo lùkové péèe (koordinace léèebného programu: Toxikologické informaèní støedisko Kliniky pracovního lékaøství Všeobecné fakultní nemocnice v Praze).;PHOENIX lékárenskı velkoobchod, s.r.o., K pérovnì 945/7, Hostivaø, 102 00 Praha 10;;Všeobecná fakultní nemocnice v Praze, U nemocnice 2, 128 08 Praha 2;"Wytwórnia Surowic i Szczepionek BIOMED Sp. z o. o., ul. Che³mska 30/34,
00-725 Warszawa, Polsko"
0231842;25.09.2023;30.09.2027;24;Léèba symptomatického botulismu po prokázané nebo pøedpokládané expozici botulinového neurotoxinu sérotypu A, B, C, D, E, F nebo G u dospìlıch a dìtí.;Poskytovatelé zdravotních slueb formou ambulantní nebo lùkové péèe (koordinace léèebného programu: Toxikologické informaèní støedisko Kliniky pracovního lékaøství Všeobecné fakultní nemocnice v Praze).;PHARMOS, a.s., Tìšínská 1349/296, Radvanice, 716 00 Ostrava;24 balení (platí pro velikost balení 1X20ML nebo 1X50ML dohromady);Všeobecná fakultní nemocnice v Praze, U nemocnice 2, 128 08 Praha 2;Emergent BioSolutions Canada Inc., 155 Innovation Drive, Winnipeg, Manitoba, Kanada
0231843;25.09.2023;30.09.2027;24;Léèba symptomatického botulismu po prokázané nebo pøedpokládané expozici botulinového neurotoxinu sérotypu A, B, C, D, E, F nebo G u dospìlıch a dìtí.;Poskytovatelé zdravotních slueb formou ambulantní nebo lùkové péèe (koordinace léèebného programu: Toxikologické informaèní støedisko Kliniky pracovního lékaøství Všeobecné fakultní nemocnice v Praze).;PHARMOS, a.s., Tìšínská 1349/296, Radvanice, 716 00 Ostrava;24 balení (platí pro velikost balení 1X20ML nebo 1X50ML dohromady);Všeobecná fakultní nemocnice v Praze, U nemocnice 2, 128 08 Praha 2;Emergent BioSolutions Canada Inc., 155 Innovation Drive, Winnipeg, Manitoba, Kanada
0231976;06.03.2025;28.02.2027;3000;Zajištìní léèivého pøípravku s léèivou látkou pyrazinamid k léèbì aktivní tuberkulózy vyvolané Mycobacterium tuberculosis (v kombinaci s dalšími antituberkulotiky), a to pro léèbu pacientù od 3 mìsícù vìku. Pyrazinamid se smí pouívat pouze v kombinaci s dalšími léèivımi pøípravky (isoniazidem, rifampicinem, ethambutolem), které pùsobí na bakterii Mycobacterium tuberculosis. Pokud se pyrazinamid pouívá samostatnì, rychle dochází k rozvoji rezistence (bìhem 6 a 8 tıdnù). Pyrazinamid není aktivní proti atypickım mykobakteriím.;Poskytovatelé zdravotních slueb formou ambulantní a lùkové péèe.;BIOTIKA BOHEMIA spol. s r.o., Durychova 101/66, 142 00 Praha 4.;;BIOTIKA BOHEMIA spol. s r.o., Durychova 101/66, 142 00 Praha 4.;KRKA, d.d., Šmarješka cesta 6, 8501 Novo mesto, Slovinsko
0231977;02.01.2025;31.12.2026;300;Zajištìní léèivého pøípravku pro neinvazivní vèasnou diagnostiku transthyretinové srdeèní amyloidózy (hereditární èi senilní) metodami nukleární medicíny.;Pracovištì (oddìlení) nukleární medicíny poskytovatelù zdravotních slueb formou ambulantní nebo lùkové péèe.;KC SOLID, spol. s r.o., ul. Míru 16, 337 01 Rokycany;;KC SOLID, spol. s r.o., ul. Míru 16, 337 01 Rokycany;"CIS bio international, RN 306 ? Saclay, BP 32, F-91192, GIF-SUR-YVETTE
Cedex, Francie"
0231978;25.09.2023;30.09.2027;64;Léèba symptomatického botulismu po prokázané nebo pøedpokládané expozici botulinového neurotoxinu sérotypu A, B a E u dospìlıch a dìtí.;Poskytovatelé zdravotních slueb formou ambulantní nebo lùkové péèe (koordinace léèebného programu: Toxikologické informaèní støedisko Kliniky pracovního lékaøství Všeobecné fakultní nemocnice v Praze).;PHOENIX lékárenskı velkoobchod, s.r.o., K pérovnì 945/7, Hostivaø, 102 00 Praha 10;;Všeobecná fakultní nemocnice v Praze, U nemocnice 2, 128 08 Praha 2;"Wytwórnia Surowic i Szczepionek BIOMED Sp. z o. o., ul. Che³mska 30/34,
00-725 Warszawa, Polsko"
0232059;05.01.2026;31.12.2028;19800;Zajištìní léèivého pøípravku s léèivou látkou selegilin-hydrochlorid pro léèbu Parkinsonovy nemoci nebo symptomatického parkinsonismu u dospìlıch pacientù.;Poskytovatelé zdravotních slueb formou ambulantní a lùkové péèe.;Movianto Èeská republika s.r.o., Podolí 78e, 664 03 Podolí;;Medochemie Bohemia, spol. s r.o., Vyskoèilova 1566, Michle, 140 00 Praha 4;MEDOCHEMIE LTD, 1-10 Constantinoupoleos Street, 3011 Limassol, Kypr
0232467;28.03.2023;30.11.2026;507;Zabezpeèení zásoby antidot pro léèbu osob kontaminovanıch radionuklidy v rámci Støedisek speciální zdravotní péèe o osoby ozáøené pøi radiaèních nehodách (SSZP) a v jinıch zdravotnickıch zaøízeních v Èeské republice a zabezpeèení antidot pro léèbu intoxikací tìkımi kovy pro zdravotnická zaøízení v Èeské republice.;Poskytovatelé zdravotních slueb formou ambulantní nebo lùkové péèe a Støediska speciální zdravotní péèe o osoby ozáøené pøi radiaèních nehodách (SSZP). Koordinaci léèebného programu zabezpeèuje Toxikologické informaèní støedisko Kliniky pracovního lékaøství Všeobecné fakultní nemocnice v Praze.;PHOENIX lékárenskı velkoobchod, s.r.o., K pérovnì 945/7, Hostivaø, 102 00 Praha 10;;Všeobecná fakultní nemocnice v Praze, se sídlem U Nemocnice 499/2, 128 08 Praha 2;"Ever Pharma Jena GmbH, Otto-Schott-Straße 15, 07745 Jena, Nìmecko;
IL-CSM Clinical Supplies Management GmbH Marie-Curie-Str. 8, 79539 Lörrach, Nìmecko"
0232468;01.01.2026;31.12.2028;9;Zabezpeèení léèivého pøípravku v rámci traumatologického plánu Jaderné elektrárny Temelín k léèbì intoxikace radionuklidy (americium, plutonium, curium, kalifornium, berkelium) v pøípadì radiaèní mimoøádné události. Moné pouití k léèbì intoxikace radionuklidy tìkıch kovù ? transurany, izotopy olova, eleza, zinku, manganu, chromu.;Ordinace všeobecného praktického lékaøe, MUDr. Koèvara Pavel, Bøezí u Tına nad Vltavou 71, 373 05 Temelín.;PHOENIX lékárenskı velkoobchod, s.r.o., K pérovnì 945/7, Hostivaø, 102 00 Praha 10;;MUDr. Pavel Koèvara, Bøezí u Tına nad Vltavou 71, 373 05 Temelín;IL-CSM Clinical Supplies Management GmBH, Marie-Curie-Str. 8, 79539 Lörrach, Nìmecko
0232468;20.02.2024;31.01.2027;15;Léèba intoxikace transuranovımi radionuklidy (americium, plutonium, curium, kalifornium, berkelium). Moné pouití k léèbì intoxikace radionuklidy tìkıch kovù - izotopy olova, eleza, zinku, manganu, chromu.;Dümed s.r.o. (ordinace všeobecného praktického lékaøe), Dukovany 269, 675 50 Dukovany;PHOENIX lékárenskı velkoobchod, s.r.o., K pérovnì 945/7, Hostivaø, 102 00 Praha 10;;Dümed s.r.o.,Sadová 423, 675 55 Hrotovice;"Ever Pharma Jena GmbH Otto-Schott-Straße 15, 07745 Jena Nìmecko;
IL-CSM Clinical Supplies Management GmBH, Marie-Curie-Str. 8, 79539 Lörrach, Nìmecko"
0232468;28.03.2023;30.11.2026;400;Zabezpeèení zásoby antidot pro léèbu osob kontaminovanıch radionuklidy v rámci Støedisek speciální zdravotní péèe o osoby ozáøené pøi radiaèních nehodách (SSZP) a v jinıch zdravotnickıch zaøízeních v Èeské republice a zabezpeèení antidot pro léèbu intoxikací tìkımi kovy pro zdravotnická zaøízení v Èeské republice.;Poskytovatelé zdravotních slueb formou ambulantní nebo lùkové péèe a Støediska speciální zdravotní péèe o osoby ozáøené pøi radiaèních nehodách (SSZP). Koordinaci léèebného programu zabezpeèuje Toxikologické informaèní støedisko Kliniky pracovního lékaøství Všeobecné fakultní nemocnice v Praze.;PHOENIX lékárenskı velkoobchod, s.r.o., K pérovnì 945/7, Hostivaø, 102 00 Praha 10;;Všeobecná fakultní nemocnice v Praze, se sídlem U Nemocnice 499/2, 128 08 Praha 2;"Ever Pharma Jena GmbH, Otto-Schott-Straße 15, 07745 Jena, Nìmecko;
IL-CSM Clinical Supplies Management GmbH Marie-Curie-Str. 8, 79539 Lörrach, Nìmecko"
0232469;19.08.2025;31.07.2029;80;Zabezpeèení zásoby antidota pro léèbu osob kontaminovanıch radionuklidy v rámci Støedisek speciální zdravotní péèe o osoby ozáøené pøi radiaèních nehodách (SSZP) a v jinıch zdravotnickıch zaøízeních v Èeské republice a zabezpeèení léèivého pøípravku pro léèbu v souladu se souhrnem údajù o pøípravku pro potøebu zdravotnickıch zaøízení v Èeské republice.;Poskytovatelé zdravotních slueb formou ambulantní nebo lùkové péèe a Støediska speciální zdravotní péèe o osoby ozáøené pøi radiaèních nehodách (SSZP). Koordinaci léèebného programu zabezpeèuje Toxikologické informaèní støedisko Kliniky pracovního lékaøství Všeobecné fakultní nemocnice v Praze.;PHOENIX lékárenskı velkoobchod, s.r.o., K pérovnì 945/7, Hostivaø, 102 00 Praha 10;;Všeobecná fakultní nemocnice v Praze, U nemocnice 2/499, 128 08 Praha 2;MoNo chem-pharm Produkte GmbH, Leystraße 129, 1200 Wien, Rakousko
0232469;20.02.2024;31.01.2027;9;V pøípadì radiaèní nehody jako antidotum pøi intoxikaci radioaktivním jódem pøi alergii na jód.;Dümed s.r.o. (ordinace všeobecného praktického lékaøe), Dukovany 269, 675 50 Dukovany.;PHOENIX lékárenskı velkoobchod, s.r.o., K pérovnì 945/7, Hostivaø, 102 00 Praha 10;;Dümed s.r.o., Sadová 423, 675 55 Hrotovice;"KVP Pharma + Veterinär Produkte GmbH, Projensdorfer Str. 324, 24106 Kiel, Nìmecko; 
MoNo chem-pharm Produkte GmbH, Leystraße 129, 1200 Wien, Rakousko"
0232469;28.03.2023;30.11.2026;78;Zabezpeèení zásoby antidot pro léèbu osob kontaminovanıch radionuklidy v rámci Støedisek speciální zdravotní péèe o osoby ozáøené pøi radiaèních nehodách (SSZP) a v jinıch zdravotnickıch zaøízeních v Èeské republice a zabezpeèení antidot pro léèbu intoxikací tìkımi kovy pro zdravotnická zaøízení v Èeské republice.;Poskytovatelé zdravotních slueb formou ambulantní nebo lùkové péèe a Støediska speciální zdravotní péèe o osoby ozáøené pøi radiaèních nehodách (SSZP). Koordinaci léèebného programu zabezpeèuje Toxikologické informaèní støedisko Kliniky pracovního lékaøství Všeobecné fakultní nemocnice v Praze.;PHOENIX lékárenskı velkoobchod, s.r.o., K pérovnì 945/7, Hostivaø, 102 00 Praha 10;;Všeobecná fakultní nemocnice v Praze, se sídlem U Nemocnice 499/2, 128 08 Praha 2;KVP Pharma + Veterinär Produkte GmbH, Projensdorfer Str. 324, 24106 Kiel, Nìmecko
0232470;28.03.2023;30.11.2026;400;Zabezpeèení zásoby antidot pro léèbu osob kontaminovanıch radionuklidy v rámci Støedisek speciální zdravotní péèe o osoby ozáøené pøi radiaèních nehodách (SSZP) a v jinıch zdravotnickıch zaøízeních v Èeské republice a zabezpeèení antidot pro léèbu intoxikací tìkımi kovy pro zdravotnická zaøízení v Èeské republice.;Poskytovatelé zdravotních slueb formou ambulantní nebo lùkové péèe a Støediska speciální zdravotní péèe o osoby ozáøené pøi radiaèních nehodách (SSZP). Koordinaci léèebného programu zabezpeèuje Toxikologické informaèní støedisko Kliniky pracovního lékaøství Všeobecné fakultní nemocnice v Praze.;PHOENIX lékárenskı velkoobchod, s.r.o., K pérovnì 945/7, Hostivaø, 102 00 Praha 10;;Všeobecná fakultní nemocnice v Praze, se sídlem U Nemocnice 499/2, 128 08 Praha 2;"Ever Pharma Jena GmbH Otto-Schott-Straße 15, 07745 Jena Nìmecko;
IL-CSM Clinical Supplies Management GmBH, Marie-Curie-Str. 8, 79539 Lörrach, Nìmecko"
0232589;04.11.2024;31.10.2027;24000;"Zajištìní léèivého pøípravku s léèivou látkou kolestyramin pro léèbu dospìlıch a dìtskıch pacientù (muù i en) v následujících terapeutickıch indikacích:
- kombinovaná léèba s inhibitorem HMG-CoA-reduktázy (statin) jako adjuvantní léèba k dietì pro dosaení aditivního sníení hladiny LDL cholesterolu u pacientù s primární hypercholesterolémií, u kterıch není moná dostateèná kontrola pouze se statinem,
-monoterapeutická léèba jako adjuvantní léèba k dietì pro sníení zvıšeného celkového a LDL cholesterolu u pacientù s izolovanou primární hypercholesterolémií, kteøí pociují statin jako nepøíjemnı nebo ho dobøe nesnášejí,
-chologenní diarrhea,
-pruritus nebo ikterus u parciální neprùchodnosti luèovıch cest.";Poskytovatelé zdravotních slueb formou ambulantní a lùkové péèe.;BIOTIKA BOHEMIA spol. s r.o., Durychova 101/66, 142 00 Praha 4, Èeská republika;;BIOTIKA BOHEMIA spol. s r.o., Durychova 101/66, 142 00 Praha 4, Èeská republika;Agraria Pharma GmbH, Kesselsdorfer Strasse 116, 011 59 Dresden, Nìmecko
0232605;31.03.2025;31.03.2027;1000;Léèba hypotenze bìhem celkové anestezie a lokoregionální anestezie, a ji páteøní nebo epidurální, pøi chirurgickıch nebo porodnickıch vıkonech. Preventivní léèba hypotenze pøi spinální anestezii pøi chirurgickıch nebo porodnickıch vıkonech. Léèivı pøípravek je urèen pro dospìlé pacienty.;Poskytovatelé zdravotních slueb formou lùkové a jednodenní péèe.;ARDEZ Pharma, spol. s r.o., V Borovièkách 278, 252 26 Kosoø, Èeská republika;;ARDEZ Pharma, spol. s r.o., V Borovièkách 278, 252 26 Kosoø, Èeská republika;Laboratoire Aguettant, Lieu Dit Chantecaille, 07340 Champagne, Francie
0232608;01.03.2026;28.02.2029;3000;Zajištìní léèivého pøípravku obsahujícího sodnou sùl fluoresceinu pro diagnostické úèely u dospìlıch pacientù, zejména pøi fluorescenèní angiografii oèního pozadí. Ve vıjimeènıch pøípadech lze pøípravek pouít pøi fluorometrii sklivce nebo fluorometrii nitrooèní tekutiny.;Poskytovatelé zdravotních slueb formou ambulantní a lùkové péèe.;AV Medical CZ s.r.o., Dobronická 1257, 148 00 Praha 4 - Kunratice, Èeská republika;;AV Medical CZ s.r.o., Dobronická 1257, 148 00 Praha 4 - Kunratice, Èeská republika;SERB SAS, 40 Avenue George V, 75008 Paris, Francie
0232610;31.10.2025;31.10.2027;140;"Zajištìní léèivého pøípravku s obsahem léèivé látky cidofovirum v lékové formì pro intravenózní podání. Léèivı pøípravek je urèen k pouití v následujících indikacích:
Indikace v souladu s platnım souhrnem údajù o pøípravku:
- léèba cytomegalovirové retinitidy u dospìlıch se syndromem získané imunodeficience (AIDS) a bez renální dysfunkce.
Indikace dle doporuèení (guidelines) European Conference on Infections in Leukaemia:
- léèba závanıch cytomegalovirovıch infekcí u dospìlıch, v pøípadech selhání standardní léèby (ganciclovir, foscarnet, intravenózní imunoglobuliny (IVIG), kombinace ganciclovir + foscarnet) u pacientù s hematologickou malignitou a po transplantaci hematopoetickıch bunìk v druhé nebo tøetí linii léèby (Guidelines for the management of cytomegalovirus infection in patients with haematological malignancies and after stem cell trasplantation from the 2017 European Conference on Infections in Leukaemia - ECIL 7 Recommendations from the 10th European Conference on Infections in Leukaemia for the management of cytomegalovirus in patients after allogeneic haematopoietic cell transplantation and other T-cell-engaging therapies - ECIL 10);
-léèba závanıch adenovirovıch infekcí a infekcí BK virem u dospìlıch pacientù s hemoragickou cystitidou u hematologickıch pacientù po transplantaci hematopoetickıch bunìk (Guidelines for the treatment of invasive candidiasis, aspergillosis and mucormycosis in leukemia and hematopoietic stem cell transplant patients - ECIL 6);
-léèba rezistentních cytomegalovirovıch a adenovirovıch infekcí u dìtí do 18 let vìku, a to pouze v pøípadech selhání léèby ganciklovirem nebo foskarnetem, kdy nelze pouít jinou léèbu.";Poskytovatelé zdravotních slueb formou lùkové péèe v oboru klinické onkologie, dìtské onkologie a hematologie, radiaèní onkologie a onkogynekologie, specializovaná pracovištì - transplantaèní centrum, infekèní lékaøství, hematologie a transfuzní lékaøství.;ARDEZ Pharma, spol. s r.o., V Borovièkách 278, 252 26 Kosoø, Èeská republika;;ARDEZ Pharma, spol. s r.o., V Borovièkách 278, 252 26 Kosoø, Èeská republika;"TILLOMED MALTA LIMITED, MALTA LIFE SCIENCES PARK, INDUSTRIAL ESTATE LS2.01.06, SAN GWANN, SGN 3000 Malta; MIAS Pharma Limited, Suite 2, Stafford House, Strand Road, Portmarnock, Co. Dublin, Irsko"
0232615;01.03.2025;28.02.2027;5400;Léèivı pøípravek je urèen vıhradnì pro dospìlé pacienty k léèbì silné bolesti, kterou nelze ovlivnit jinımi registrovanımi léèivımi pøípravky (jako je bolest v terminálním stádiu malignity). Léèivı pøípravek není v rámci tohoto specifického léèebného programu urèen k léèbì abstinenèního syndromu v dùsledku závislosti na opioidech ani k substituèní léèbì závislosti na opioidech.;Poskytovatelé zdravotních slueb formou lùkové a ambulantní péèe. Pøípravek je oprávnìn pøedepisovat pouze lékaø se specializovanou zpùsobilostí v oboru klinická onkologie, radiaèní onkologie, onkogynekologie, hematologie, algeziologie, paliativní medicína.;ARDEZ Pharma, spol. s r.o., V Borovièkách 278, 252 26 Kosoø.;;ARDEZ Pharma, spol. s r.o., V Borovièkách 278, 252 26 Kosoø.;Alkaloid-INT d.o.o., Šlandrova ulica 4, 1231 Ljubljana - Èrnuèe, Slovinsko
0232616;28.02.2025;31.03.2027;40000;"Léèivı pøípravek FLUCLOXACILINA AZEVEDOS je indikován k perorální léèbì infekcí zpùsobenıch citlivımi mikroorganismy, zejména kmeny Streptococcus a Staphylococcus pøi pøedpokládané, nebo potvrzené citlivosti na flukloxacilin, a to v následujících pøípadech:
-infekce kùe (napø. furunkl, karbunkl, absces, impetigo);
-infekce subkutánní mìkké tkánì (napø. celulitida, lymfatická tkáò);
-infekce traumatické, chirurgické a na místì popálenin;
-infekce kostí (napø. artritida, osteitida, osteomyelitida);
-infekce zevního ucha (otitis externa);
-infekce dolních cest dıchacích (napø. plicní absces, pneumonie, bronchopneumonie);
-infekce horních cest dıchacích (napø. angína, zánìt vedlejších nosních dutin, faryngitida);
-empyém (jako souèást kombinovaného reimu ve spojení s drenáemi);
-meningitida (napø. stafylokoková meningitida);
-infekce moèového a pohlavního ústrojí;
-infekce tenkého a tlustého støeva.
Dále je léèivı pøípravek FLUCLOXACILINA AZEVEDOS indikován k profylaxi v kardiovaskulární chirurgii (napø. chlopenní náhrady) a ortopedické chirurgii (artroplastika, osteosyntéza a artrotomie) vzhledem k vıraznému patogennímu potenciálu stafylokokù v prùbìhu tìchto chirurgickıch vıkonù. Neregistrovanı léèivı pøípravek FLUCLOXACILINA AZEVEDOS je úèinnı pøi léèbì infekcí zpùsobenıch beta-hemolytickımi streptokoky skupiny A (napø. tonsilitida, erysipel, infikované popáleniny), pøièem lékem první volby je penicilin (G nebo V). Flukloxacilin není indikován k prevenci revmatické horeèky.";poskytovatelé zdravotních slueb formou ambulantní a lùkové péèe;ARDEZ Pharma, spol. s r.o., V Borovièkách 278, 252 26 Kosoø;;ARDEZ Pharma, spol. s r.o., V Borovièkách 278, 252 26 Kosoø;DLA-Farmaceutica, S.A. Estrada da Quinta 148 Manique de Baixo, 2646?436 Alcabideche, Portugalsko
0232622;28.06.2024;30.06.2028;120;Zajištìní pohotovostní zásoby léèivého pøípravku s léèivou látkou miltefosin pro léèbu viscerální leishmaniózy zpùsobené Leishmania donovani a léèbu koní leishmaniózy zpùsobené Leishmania brasiliensis komplex nebo Leishmania mexicana komplex. V pøípadì léèby viscerální leishmaniózy lze pøípravek IMPAVIDO 50 MG podávat ji od 3 let vìku resp. od tìlesné hmotnosti 9 kg. V pøípadì léèby koní leishmaniózy lze pøípravek IMPAVIDO 50 MG podávat od 12 let vìku resp. od tìlesné hmotnosti 30 kg.;Poskytovatelé zdravotních slueb formou ambulantní nebo lùkové péèe - koordinace léèebného programu: Toxikologické informaèní støedisko Kliniky pracovního lékaøství Všeobecné fakultní nemocnice v Praze.;PHOENIX, lékárenskı velkoobchod s.r.o., K Pérovnì 945/7, Hostivaø, 102 00 Praha 10;;Všeobecná fakultní nemocnice v Praze, U Nemocnice 499/2, 128 08 Praha 2;Paesel + Lorei GmbH & Co. KG, Nordring 11, 47495 Rheinberg, Nìmecko
0232623;28.06.2024;30.06.2028;100;Zajištìní pohotovostní zásoby léèivého pøípravku s léèivou látkou isoniazid pro léèbu všech forem a stádií tuberkulózy s citlivostí na isoniazid, vdy v kombinaci s jinımi antimykobakteriálními chemoterapeutiky. Pøípravek ISOZID 0,5N je pouíván k léèbì tuberkulózy u pacientù, kteøí nemohou pøijímat perorální formy léèiva nebo u kterıch je narušeno vstøebávání z GIT. Pøípravek ISOZID 0,5N se pouívá k profylaxi tuberkulózy u neinfikovanıch tuberkulin negativních exponovanıch osob. Pøípravek ISOZID 0,5N lze pouít u dìtí, dospívajících a dospìlıch.;Poskytovatelé zdravotních slueb formou ambulantní nebo lùkové péèe - koordinace léèebného programu: Toxikologické informaèní støedisko Kliniky pracovního lékaøství Všeobecné fakultní nemocnice v Praze.;PHOENIX, lékárenskı velkoobchod s.r.o., K Pérovnì 945/7, Hostivaø, 102 00 Praha 10;;Všeobecná fakultní nemocnice v Praze, U Nemocnice 499/2, 128 08 Praha 2;RIEMSER Pharma GmbH, An der Wiek 7,17493 Greifswald - Insel Riems, Nìmecko
0232624;28.06.2024;30.06.2028;120;Zajištìní pohotovostní zásoby léèivého pøípravku s léèivou látkou flucytosin pro léèbu závanıch systémovıch mykóz zpùsobenıch citlivımi patogeny, jako jsou zejména kandidózy, kryptokokózy, chromomykózy (chromoblastomykózy) a nìkteré formy aspergilóz. Pøípravek ANCOTIL 500 MG nesmí bıt pouíván jako léèba první volby nebo jako monoterapie u dìtí. Pøípravek ANCOTIL 500 MG musí bıt uíván v kombinaci s dalšími vhodnımi antimykotiky, pokud jiná léèiva nejsou k dispozici nebo nebudou pravdìpodobnì úèinná. Z dùvodu prodlouené eliminace flucytosinu u dìtskıch pacientù, zvláštì u novorozencù a pøedèasnì narozenıch dìtí, mùe vést podávání flucytosinu k pøekroèení optimálních hladin v séru. Bìhem léèby dìtskıch pacientù musí bıt proto pravidelnì kontrolován krevní obraz a renální funkce, aby byla sledována koncentrace a clearance kreatininu.;Poskytovatelé zdravotních slueb formou ambulantní nebo lùkové péèe - koordinace léèebného programu: Toxikologické informaèní støedisko Kliniky pracovního lékaøství Všeobecné fakultní nemocnice v Praze.;PHOENIX, lékárenskı velkoobchod s.r.o., K Pérovnì 945/7, Hostivaø, 102 00 Praha 10;;Všeobecná fakultní nemocnice v Praze, U Nemocnice 499/2, 128 08 Praha 2;ICN Polfa Rzeszów SA, Przemys³owa 2, 35-959 Rzeszów, Polsko
0232625;25.08.2023;31.08.2026;2100;Devitalizace zubní døenì, v pøípadech kdy ze zvláštních dùvodù nelze provést chirurgicko-endodontickı zákrok (napø. vitální exstirpaci) pro pacienty bez omezení vìku.;Poskytovatelé zdravotních slueb formou ambulantní a lùkové péèe v oboru stomatologie.;Nora a.s., Na Kampì 496/4, 118 00 Praha 1;;Nora a.s., Na Kampì 496/4, 118 00 Praha 1;Lege artis Pharma GmbH + Co. KG, Breitwasenring 1, D-72135 Dettenhausen, Nìmecko
0232626;28.06.2024;30.06.2028;200;Zajištìní pohotovostní zásoby léèivého pøípravku s léèivou látkou artesunát pro nouzovou léèbu závané nebo komplikované malárie zpùsobené Plasmodium falciparum nebo Plasmodium vivax.;Poskytovatelé zdravotních slueb formou ambulantní nebo lùkové péèe - koordinace léèebného programu: Toxikologické informaèní støedisko Kliniky pracovního lékaøství Všeobecné fakultní nemocnice v Praze.;PHOENIX, lékárenskı velkoobchod s.r.o., K Pérovnì 945/7, Hostivaø, 102 00 Praha 10;;Všeobecná fakultní nemocnice v Praze, U Nemocnice 499/2, 128 08 Praha 2;Guilin Pharmaceutical Co., Ltd. China
0232630;20.08.2024;31.08.2028;100;"Zajištìní pohotovostní zásoby léèivého pøípravku s léèivou látkou fomepizol pro léèbu akutní otravy ethylenglykolem (indikace v souladu se souhrnem údajù o pøípravku), akutní otravy methanolem (indikace v souladu s Odbornım doporuèením pro intoxikaci - Metanol (Methanol, Metylalkohol, døevnı líh, CH3OH) zveøejnìném na webovıch stránkách Toxikologického informaèního støediska Kliniky pracovního lékaøství Všeobecné fakultní nemocnice v Praze; www.tis-cz.cz).";Poskytovatelé zdravotních slueb formou ambulantní nebo lùkové péèe (koordinace léèebného programu: Toxikologické informaèní støedisko Kliniky pracovního lékaøství Všeobecné fakultní nemocnice v Praze);PHOENIX, lékárenskı velkoobchod s.r.o., K Pérovnì 945/7, Hostivaø, 102 00 Praha 10;;Všeobecná fakultní nemocnice v Praze, U Nemocnice 499/2, 128 08 Praha 2;Etablissement Pharmaceutique de l'AP-HP, (Assistance Publique-Hôpitaux de Paris) AGEPS 7, rue du Fer a Moulin - BP 09, 75221 PARIS Cedex 05, Francie nebo CENEXI, 52 rue Marcel et Jacques Gaucher, 94120 Fontenay-sous-Bois, Francie
0232636;24.04.2026;30.09.2026;50;"Zabezpeèení léèivého pøípravku s léèivou látkou cykloserin k léèbì aktivní plicní a mimoplicní tuberkulózy zpùsobené citlivımi mikroorganismy, po selhání antituberkulotické terapie první volby (streptomycin, isoniazid, rifampicin, ethambutol), v kombinaci s dalšími chemoterapeutickımi pøípravky.
V rámci léèebného programu bude rovnì v Toxikologickém informaèním støedisku Kliniky pracovního lékaøství Všeobecné fakultní nemocnice v Praze deponována pohotovostní zásoba léèivého pøípravku.";"- Poskytovatelé zdravotních slueb formou ambulantní a lùkové péèe.
- Balení pro pohotovostní zásobu budou deponována v Toxikologickém informaèním støedisku Kliniky pracovního lékaøství Všeobecné fakultní nemocnice v Praze, které je na vyádání, po konzultaci o stanovení léèebného postupu, poskytne pøíslušnému pracovišti k pouití.";ARDEZ Pharma, spol. s r.o., V Borovièkách 278, 252 26 Kosoø;;ARDEZ Pharma, spol. s r.o., V Borovièkách 278, 252 26 Kosoø;Antibiotice SA, Str. Valea Lupului nr. 1, 707410 Iaºi, Rumunsko
0232640;22.10.2024;31.10.2027;10500;Zajištìní léèivého pøípravku s léèivou látkou sukralfát ke krátkodobé léèbì (maximálnì 8 tıdnù) gastroduodenální vøedové choroby k podpoøe hojení a úlevy od symptomù. Léèivı pøípravek je urèen pro dospìlé a dìti starší 6 let.;Poskytovatelé zdravotních slueb formou ambulantní a lùkové péèe.;"AV Medical CZ s.r.o., Dobronická 1257, Kunratice, 148 00 Praha 4, Èeská republika;";;"AV Medical CZ s.r.o., Dobronická 1257, Kunratice, 148 00 Praha 4, Èeská republika;";FELSIN FARM S.R.L., Str. Drumul Piscul Cerbului nr. 20-28, parter, camerele 1-9 si etaj, sector 1, Bucure?ti, Rumunsko
0242816;24.06.2025;30.06.2027;600;Vèasná diagnostika hypoxie tkání solidních nádorù metodou pozitronové emisní tomografie (PET) u pacientù od 2 let vìku. Rozhodnutí o pouití 18F-FMISO je plnì v kompetenci ošetøujících onkologù a lékaøù nukleární medicíny, kteøí zhodnotí vhodnost této diagnostiky pro konkrétního pacienta se všemi klinickımi konsekvencemi. Hlavními indikacemi pro diagnostické vyšetøení pomocí 18F-FMISO jsou zejména nádory mozku (gliomy), nádory v oblasti hlavy a krku (zejména dladicobunìèné karcinomy, HNSCC), nemalobunìèné bronchogenní karcinomy (NSCLC), karcinomy renálních bunìk (RCC), karcinomy prsu a sarkomy.;Kliniky / oddìlení nukleární medicíny poskytovatelù zdravotních slueb formou ambulantní a lùkové péèe s pøístrojovım vybavením pro PET, PET/CT nebo PET/MRI zobrazení.;RadioMedic s.r.o., Husinec-Øe 289, 25068 Øe, Èeská republika;600 (platí kumulativnì pro všechny pøípravky);RadioMedic s.r.o., Husinec-Øe 289, 25068 Øe, Èeská republika;RadioMedic s.r.o., Husinec-Øe 289, 25068 Øe, Èeská republika
0242817;24.06.2025;30.06.2027;600;Vèasná diagnostika hypoxie tkání solidních nádorù metodou pozitronové emisní tomografie (PET) u pacientù od 2 let vìku. Rozhodnutí o pouití 18F-FMISO je plnì v kompetenci ošetøujících onkologù a lékaøù nukleární medicíny, kteøí zhodnotí vhodnost této diagnostiky pro konkrétního pacienta se všemi klinickımi konsekvencemi. Hlavními indikacemi pro diagnostické vyšetøení pomocí 18F-FMISO jsou zejména nádory mozku (gliomy), nádory v oblasti hlavy a krku (zejména dladicobunìèné karcinomy, HNSCC), nemalobunìèné bronchogenní karcinomy (NSCLC), karcinomy renálních bunìk (RCC), karcinomy prsu a sarkomy.;Kliniky / oddìlení nukleární medicíny poskytovatelù zdravotních slueb formou ambulantní a lùkové péèe s pøístrojovım vybavením pro PET, PET/CT nebo PET/MRI zobrazení.;RadioMedic s.r.o., Husinec-Øe 289, 25068 Øe, Èeská republika;600 (platí kumulativnì pro všechny pøípravky);RadioMedic s.r.o., Husinec-Øe 289, 25068 Øe, Èeská republika;RadioMedic s.r.o., Husinec-Øe 289, 25068 Øe, Èeská republika
0242818;24.06.2025;30.06.2027;600;Vèasná diagnostika hypoxie tkání solidních nádorù metodou pozitronové emisní tomografie (PET) u pacientù od 2 let vìku. Rozhodnutí o pouití 18F-FMISO je plnì v kompetenci ošetøujících onkologù a lékaøù nukleární medicíny, kteøí zhodnotí vhodnost této diagnostiky pro konkrétního pacienta se všemi klinickımi konsekvencemi. Hlavními indikacemi pro diagnostické vyšetøení pomocí 18F-FMISO jsou zejména nádory mozku (gliomy), nádory v oblasti hlavy a krku (zejména dladicobunìèné karcinomy, HNSCC), nemalobunìèné bronchogenní karcinomy (NSCLC), karcinomy renálních bunìk (RCC), karcinomy prsu a sarkomy.;Kliniky / oddìlení nukleární medicíny poskytovatelù zdravotních slueb formou ambulantní a lùkové péèe s pøístrojovım vybavením pro PET, PET/CT nebo PET/MRI zobrazení.;RadioMedic s.r.o., Husinec-Øe 289, 25068 Øe, Èeská republika;600 (platí kumulativnì pro všechny pøípravky);RadioMedic s.r.o., Husinec-Øe 289, 25068 Øe, Èeská republika;RadioMedic s.r.o., Husinec-Øe 289, 25068 Øe, Èeská republika
0242819;24.06.2025;30.06.2027;600;Vèasná diagnostika hypoxie tkání solidních nádorù metodou pozitronové emisní tomografie (PET) u pacientù od 2 let vìku. Rozhodnutí o pouití 18F-FMISO je plnì v kompetenci ošetøujících onkologù a lékaøù nukleární medicíny, kteøí zhodnotí vhodnost této diagnostiky pro konkrétního pacienta se všemi klinickımi konsekvencemi. Hlavními indikacemi pro diagnostické vyšetøení pomocí 18F-FMISO jsou zejména nádory mozku (gliomy), nádory v oblasti hlavy a krku (zejména dladicobunìèné karcinomy, HNSCC), nemalobunìèné bronchogenní karcinomy (NSCLC), karcinomy renálních bunìk (RCC), karcinomy prsu a sarkomy.;Kliniky / oddìlení nukleární medicíny poskytovatelù zdravotních slueb formou ambulantní a lùkové péèe s pøístrojovım vybavením pro PET, PET/CT nebo PET/MRI zobrazení.;RadioMedic s.r.o., Husinec-Øe 289, 25068 Øe, Èeská republika;600 (platí kumulativnì pro všechny pøípravky);RadioMedic s.r.o., Husinec-Øe 289, 25068 Øe, Èeská republika;RadioMedic s.r.o., Husinec-Øe 289, 25068 Øe, Èeská republika
0242820;24.06.2025;30.06.2027;600;Vèasná diagnostika hypoxie tkání solidních nádorù metodou pozitronové emisní tomografie (PET) u pacientù od 2 let vìku. Rozhodnutí o pouití 18F-FMISO je plnì v kompetenci ošetøujících onkologù a lékaøù nukleární medicíny, kteøí zhodnotí vhodnost této diagnostiky pro konkrétního pacienta se všemi klinickımi konsekvencemi. Hlavními indikacemi pro diagnostické vyšetøení pomocí 18F-FMISO jsou zejména nádory mozku (gliomy), nádory v oblasti hlavy a krku (zejména dladicobunìèné karcinomy, HNSCC), nemalobunìèné bronchogenní karcinomy (NSCLC), karcinomy renálních bunìk (RCC), karcinomy prsu a sarkomy.;Kliniky / oddìlení nukleární medicíny poskytovatelù zdravotních slueb formou ambulantní a lùkové péèe s pøístrojovım vybavením pro PET, PET/CT nebo PET/MRI zobrazení.;RadioMedic s.r.o., Husinec-Øe 289, 25068 Øe, Èeská republika;600 (platí kumulativnì pro všechny pøípravky);RadioMedic s.r.o., Husinec-Øe 289, 25068 Øe, Èeská republika;RadioMedic s.r.o., Husinec-Øe 289, 25068 Øe, Èeská republika
0242821;24.06.2025;30.06.2027;600;Vèasná diagnostika hypoxie tkání solidních nádorù metodou pozitronové emisní tomografie (PET) u pacientù od 2 let vìku. Rozhodnutí o pouití 18F-FMISO je plnì v kompetenci ošetøujících onkologù a lékaøù nukleární medicíny, kteøí zhodnotí vhodnost této diagnostiky pro konkrétního pacienta se všemi klinickımi konsekvencemi. Hlavními indikacemi pro diagnostické vyšetøení pomocí 18F-FMISO jsou zejména nádory mozku (gliomy), nádory v oblasti hlavy a krku (zejména dladicobunìèné karcinomy, HNSCC), nemalobunìèné bronchogenní karcinomy (NSCLC), karcinomy renálních bunìk (RCC), karcinomy prsu a sarkomy.;Kliniky / oddìlení nukleární medicíny poskytovatelù zdravotních slueb formou ambulantní a lùkové péèe s pøístrojovım vybavením pro PET, PET/CT nebo PET/MRI zobrazení.;RadioMedic s.r.o., Husinec-Øe 289, 25068 Øe, Èeská republika;600 (platí kumulativnì pro všechny pøípravky);RadioMedic s.r.o., Husinec-Øe 289, 25068 Øe, Èeská republika;RadioMedic s.r.o., Husinec-Øe 289, 25068 Øe, Èeská republika
0242822;24.06.2025;30.06.2027;600;Vèasná diagnostika hypoxie tkání solidních nádorù metodou pozitronové emisní tomografie (PET) u pacientù od 2 let vìku. Rozhodnutí o pouití 18F-FMISO je plnì v kompetenci ošetøujících onkologù a lékaøù nukleární medicíny, kteøí zhodnotí vhodnost této diagnostiky pro konkrétního pacienta se všemi klinickımi konsekvencemi. Hlavními indikacemi pro diagnostické vyšetøení pomocí 18F-FMISO jsou zejména nádory mozku (gliomy), nádory v oblasti hlavy a krku (zejména dladicobunìèné karcinomy, HNSCC), nemalobunìèné bronchogenní karcinomy (NSCLC), karcinomy renálních bunìk (RCC), karcinomy prsu a sarkomy.;Kliniky / oddìlení nukleární medicíny poskytovatelù zdravotních slueb formou ambulantní a lùkové péèe s pøístrojovım vybavením pro PET, PET/CT nebo PET/MRI zobrazení.;RadioMedic s.r.o., Husinec-Øe 289, 25068 Øe, Èeská republika;600 (platí kumulativnì pro všechny pøípravky);RadioMedic s.r.o., Husinec-Øe 289, 25068 Øe, Èeská republika;RadioMedic s.r.o., Husinec-Øe 289, 25068 Øe, Èeská republika
0242823;24.06.2025;30.06.2027;600;Vèasná diagnostika hypoxie tkání solidních nádorù metodou pozitronové emisní tomografie (PET) u pacientù od 2 let vìku. Rozhodnutí o pouití 18F-FMISO je plnì v kompetenci ošetøujících onkologù a lékaøù nukleární medicíny, kteøí zhodnotí vhodnost této diagnostiky pro konkrétního pacienta se všemi klinickımi konsekvencemi. Hlavními indikacemi pro diagnostické vyšetøení pomocí 18F-FMISO jsou zejména nádory mozku (gliomy), nádory v oblasti hlavy a krku (zejména dladicobunìèné karcinomy, HNSCC), nemalobunìèné bronchogenní karcinomy (NSCLC), karcinomy renálních bunìk (RCC), karcinomy prsu a sarkomy.;Kliniky / oddìlení nukleární medicíny poskytovatelù zdravotních slueb formou ambulantní a lùkové péèe s pøístrojovım vybavením pro PET, PET/CT nebo PET/MRI zobrazení.;RadioMedic s.r.o., Husinec-Øe 289, 25068 Øe, Èeská republika;600 (platí kumulativnì pro všechny pøípravky);RadioMedic s.r.o., Husinec-Øe 289, 25068 Øe, Èeská republika;RadioMedic s.r.o., Husinec-Øe 289, 25068 Øe, Èeská republika
0242824;24.06.2025;30.06.2027;600;Vèasná diagnostika hypoxie tkání solidních nádorù metodou pozitronové emisní tomografie (PET) u pacientù od 2 let vìku. Rozhodnutí o pouití 18F-FMISO je plnì v kompetenci ošetøujících onkologù a lékaøù nukleární medicíny, kteøí zhodnotí vhodnost této diagnostiky pro konkrétního pacienta se všemi klinickımi konsekvencemi. Hlavními indikacemi pro diagnostické vyšetøení pomocí 18F-FMISO jsou zejména nádory mozku (gliomy), nádory v oblasti hlavy a krku (zejména dladicobunìèné karcinomy, HNSCC), nemalobunìèné bronchogenní karcinomy (NSCLC), karcinomy renálních bunìk (RCC), karcinomy prsu a sarkomy.;Kliniky / oddìlení nukleární medicíny poskytovatelù zdravotních slueb formou ambulantní a lùkové péèe s pøístrojovım vybavením pro PET, PET/CT nebo PET/MRI zobrazení.;RadioMedic s.r.o., Husinec-Øe 289, 25068 Øe, Èeská republika;600 (platí kumulativnì pro všechny pøípravky);RadioMedic s.r.o., Husinec-Øe 289, 25068 Øe, Èeská republika;RadioMedic s.r.o., Husinec-Øe 289, 25068 Øe, Èeská republika
0242825;24.06.2025;30.06.2027;600;Vèasná diagnostika hypoxie tkání solidních nádorù metodou pozitronové emisní tomografie (PET) u pacientù od 2 let vìku. Rozhodnutí o pouití 18F-FMISO je plnì v kompetenci ošetøujících onkologù a lékaøù nukleární medicíny, kteøí zhodnotí vhodnost této diagnostiky pro konkrétního pacienta se všemi klinickımi konsekvencemi. Hlavními indikacemi pro diagnostické vyšetøení pomocí 18F-FMISO jsou zejména nádory mozku (gliomy), nádory v oblasti hlavy a krku (zejména dladicobunìèné karcinomy, HNSCC), nemalobunìèné bronchogenní karcinomy (NSCLC), karcinomy renálních bunìk (RCC), karcinomy prsu a sarkomy.;Kliniky / oddìlení nukleární medicíny poskytovatelù zdravotních slueb formou ambulantní a lùkové péèe s pøístrojovım vybavením pro PET, PET/CT nebo PET/MRI zobrazení.;RadioMedic s.r.o., Husinec-Øe 289, 25068 Øe, Èeská republika;600 (platí kumulativnì pro všechny pøípravky);RadioMedic s.r.o., Husinec-Øe 289, 25068 Øe, Èeská republika;RadioMedic s.r.o., Husinec-Øe 289, 25068 Øe, Èeská republika
0242826;24.06.2025;30.06.2027;600;Vèasná diagnostika hypoxie tkání solidních nádorù metodou pozitronové emisní tomografie (PET) u pacientù od 2 let vìku. Rozhodnutí o pouití 18F-FMISO je plnì v kompetenci ošetøujících onkologù a lékaøù nukleární medicíny, kteøí zhodnotí vhodnost této diagnostiky pro konkrétního pacienta se všemi klinickımi konsekvencemi. Hlavními indikacemi pro diagnostické vyšetøení pomocí 18F-FMISO jsou zejména nádory mozku (gliomy), nádory v oblasti hlavy a krku (zejména dladicobunìèné karcinomy, HNSCC), nemalobunìèné bronchogenní karcinomy (NSCLC), karcinomy renálních bunìk (RCC), karcinomy prsu a sarkomy.;Kliniky / oddìlení nukleární medicíny poskytovatelù zdravotních slueb formou ambulantní a lùkové péèe s pøístrojovım vybavením pro PET, PET/CT nebo PET/MRI zobrazení.;RadioMedic s.r.o., Husinec-Øe 289, 25068 Øe, Èeská republika;600 (platí kumulativnì pro všechny pøípravky);RadioMedic s.r.o., Husinec-Øe 289, 25068 Øe, Èeská republika;RadioMedic s.r.o., Husinec-Øe 289, 25068 Øe, Èeská republika
0242827;24.06.2025;30.06.2027;600;Vèasná diagnostika hypoxie tkání solidních nádorù metodou pozitronové emisní tomografie (PET) u pacientù od 2 let vìku. Rozhodnutí o pouití 18F-FMISO je plnì v kompetenci ošetøujících onkologù a lékaøù nukleární medicíny, kteøí zhodnotí vhodnost této diagnostiky pro konkrétního pacienta se všemi klinickımi konsekvencemi. Hlavními indikacemi pro diagnostické vyšetøení pomocí 18F-FMISO jsou zejména nádory mozku (gliomy), nádory v oblasti hlavy a krku (zejména dladicobunìèné karcinomy, HNSCC), nemalobunìèné bronchogenní karcinomy (NSCLC), karcinomy renálních bunìk (RCC), karcinomy prsu a sarkomy.;Kliniky / oddìlení nukleární medicíny poskytovatelù zdravotních slueb formou ambulantní a lùkové péèe s pøístrojovım vybavením pro PET, PET/CT nebo PET/MRI zobrazení.;RadioMedic s.r.o., Husinec-Øe 289, 25068 Øe, Èeská republika;600 (platí kumulativnì pro všechny pøípravky);RadioMedic s.r.o., Husinec-Øe 289, 25068 Øe, Èeská republika;RadioMedic s.r.o., Husinec-Øe 289, 25068 Øe, Èeská republika
0242828;24.06.2025;30.06.2027;600;Vèasná diagnostika hypoxie tkání solidních nádorù metodou pozitronové emisní tomografie (PET) u pacientù od 2 let vìku. Rozhodnutí o pouití 18F-FMISO je plnì v kompetenci ošetøujících onkologù a lékaøù nukleární medicíny, kteøí zhodnotí vhodnost této diagnostiky pro konkrétního pacienta se všemi klinickımi konsekvencemi. Hlavními indikacemi pro diagnostické vyšetøení pomocí 18F-FMISO jsou zejména nádory mozku (gliomy), nádory v oblasti hlavy a krku (zejména dladicobunìèné karcinomy, HNSCC), nemalobunìèné bronchogenní karcinomy (NSCLC), karcinomy renálních bunìk (RCC), karcinomy prsu a sarkomy.;Kliniky / oddìlení nukleární medicíny poskytovatelù zdravotních slueb formou ambulantní a lùkové péèe s pøístrojovım vybavením pro PET, PET/CT nebo PET/MRI zobrazení.;RadioMedic s.r.o., Husinec-Øe 289, 25068 Øe, Èeská republika;600 (platí kumulativnì pro všechny pøípravky);RadioMedic s.r.o., Husinec-Øe 289, 25068 Øe, Èeská republika;RadioMedic s.r.o., Husinec-Øe 289, 25068 Øe, Èeská republika
0242829;24.06.2025;30.06.2027;600;Vèasná diagnostika hypoxie tkání solidních nádorù metodou pozitronové emisní tomografie (PET) u pacientù od 2 let vìku. Rozhodnutí o pouití 18F-FMISO je plnì v kompetenci ošetøujících onkologù a lékaøù nukleární medicíny, kteøí zhodnotí vhodnost této diagnostiky pro konkrétního pacienta se všemi klinickımi konsekvencemi. Hlavními indikacemi pro diagnostické vyšetøení pomocí 18F-FMISO jsou zejména nádory mozku (gliomy), nádory v oblasti hlavy a krku (zejména dladicobunìèné karcinomy, HNSCC), nemalobunìèné bronchogenní karcinomy (NSCLC), karcinomy renálních bunìk (RCC), karcinomy prsu a sarkomy.;Kliniky / oddìlení nukleární medicíny poskytovatelù zdravotních slueb formou ambulantní a lùkové péèe s pøístrojovım vybavením pro PET, PET/CT nebo PET/MRI zobrazení.;RadioMedic s.r.o., Husinec-Øe 289, 25068 Øe, Èeská republika;600 (platí kumulativnì pro všechny pøípravky);RadioMedic s.r.o., Husinec-Øe 289, 25068 Øe, Èeská republika;RadioMedic s.r.o., Husinec-Øe 289, 25068 Øe, Èeská republika
0242830;24.06.2025;30.06.2027;600;Vèasná diagnostika hypoxie tkání solidních nádorù metodou pozitronové emisní tomografie (PET) u pacientù od 2 let vìku. Rozhodnutí o pouití 18F-FMISO je plnì v kompetenci ošetøujících onkologù a lékaøù nukleární medicíny, kteøí zhodnotí vhodnost této diagnostiky pro konkrétního pacienta se všemi klinickımi konsekvencemi. Hlavními indikacemi pro diagnostické vyšetøení pomocí 18F-FMISO jsou zejména nádory mozku (gliomy), nádory v oblasti hlavy a krku (zejména dladicobunìèné karcinomy, HNSCC), nemalobunìèné bronchogenní karcinomy (NSCLC), karcinomy renálních bunìk (RCC), karcinomy prsu a sarkomy.;Kliniky / oddìlení nukleární medicíny poskytovatelù zdravotních slueb formou ambulantní a lùkové péèe s pøístrojovım vybavením pro PET, PET/CT nebo PET/MRI zobrazení.;RadioMedic s.r.o., Husinec-Øe 289, 25068 Øe, Èeská republika;600 (platí kumulativnì pro všechny pøípravky);RadioMedic s.r.o., Husinec-Øe 289, 25068 Øe, Èeská republika;RadioMedic s.r.o., Husinec-Øe 289, 25068 Øe, Èeská republika
0249327;04.07.2024;31.07.2026;800;Léèivı pøípravek je indikován k vyvolání úplné miózy jak po odstranìní èoèky pøi extrakci katarakty s neporušenou zornicí, tak pøi perforující keratoplastice a jiné operaci pøedního segmentu, kde je ádoucí mióza, jako je cyklodialıza. Dále je pøípravek indikován k prevenci prolapsu duhovky a usnadnìní umístìní stehù v rohovce.;Poskytovatelé zdravotních slueb formou ambulantní a lùkové péèe v oboru oftalmologie.;Olikla s.r.o., ÈR;;Olikla s.r.o., Námìstí Smiøickıch 42, Kostelec nad Èernımi lesy, 281 63;"S. A. Alcon-Couvreur N.V., Rijksweg 14, Puurs, Belgie;
Alcon Laboratories Belgium, Lichterveld 3, B-2870 Puurs-Sint-Amands, Belgie
"
0250292;11.10.2023;31.01.2027;912;"Léèba pøedávkování nebo krvácení bìhem léèby heparinem nebo nízkomolekulárním
heparinem (low molecular weight heparin, LMWH), k neutralizaci antikoagulaèních
úèinkù heparinu nebo LMWH pøed akutní operací a ke zvrácení antikoagulaèních
úèinkù heparinu pøi kardiopulmonálním bypassu.";Poskytovatelé zdravotních slueb formou ambulantní a lùkové péèe;Alliance Healthcare s.r.o., Podle Trati 624/7,108 00 Praha 10 ? Malešice;Léèivı pøípravek je moné distribuovat do 31. 1. 2024. Léèivı pøípravek dodanı do lékáren je moné vydávat a pouívat pøi poskytování zdravotních slueb po dobu jeho doby pouitelnosti.;LEO Pharma s.r.o., Lomnického 1705/7, Nusle, 140 00 Praha 4;CENEXI SAS, 52 rue Marcel et Jacques Gaucher, 94120 Fontenay-sous-Bois, Francie
0250742;23.08.2024;30.09.2026;22000;Zajištìní léèivého pøípravku s léèivou látkou isoprenalin-hydrochlorid v lékové formì injekèního roztoku pro léèbu celkového atrioventrikulárního bloku (vèetnì Adamsova-Stokesova syndromu) a srdeèní zástavy, léèbu bronchospasmu bìhem anestezie a pro doplòkovou léèbu kardiogenního šoku. Léèivı pøípravek je urèen pro léèbu dospìlıch a dìtí starších 12 let.;Poskytovatelé zdravotních slueb formou lùkové péèe.;Olikla s.r.o., Námìstí Smiøickıch 42, 281 63 Kostelec nad Èernımi lesy;Vıdej léèivého pøípravku je monı i za situace, kdy není moné ovìøit a vyøadit jedineènı identifikátor postupem podle naøízení Komise v pøenesené pravomoci (EU) 2016/161 ze dne 2. øíjna 2015, kterım se doplòuje smìrnice Evropského parlamentu a Rady 2001/83/ES, stanovením podrobnıch pravidel pro ochranné prvky uvedené na obalu humánních léèivıch pøípravkù (dále jen naøízení o ochrannıch prvcích).;Olikla s.r.o., Námìstí Smiøickıch 42, 281 63 Kostelec nad Èernımi lesy;MONICO SPA, Via Ponte di Pietra 7, 30173 Venezia/Mestre, Itálie
0254524;24.05.2021;31.05.2026;;Zajištìní pohotovostní zásoby léèivého pøípravku pro intravenózní a inhalaèní léèbu pneumocystové pneumonie (pùvodce Pneumocystis carinii) oslabenıch pacientù èi pacientù se sníenou obranyschopností organismu, jako napø. u pacientù s AIDS, a pro léèbu africké trypanozomózy (pùvodce Trypanosoma gambiense).;Poskytovatelé zdravotních slueb formou ambulantní a lùkové péèe (koordinace léèebného programu: Toxikologické informaèní støedisko Kliniky pracovního lékaøství Všeobecné fakultní nemocnice v Praze).;PHOENIX lékárenskı velkoobchod, s.r.o., K pérovnì 945/7, Hostivaø, 102 00 Praha 10;"300 lahvièek
(platí pro obì velikosti balení)";Všeobecná fakultní nemocnice v Praze, prostøednictvím Toxikologického informaèního støediska Kliniky pracovního lékaøství;Sanofi S.p.A. Viale Luigi Bodio, 37/B 20158 Milano, Itálie
0254525;20.05.2026;31.05.2030;200;Zajištìní pohotovostní zásoby léèivého pøípravku (antiséra) k léèbì záškrtu.;Poskytovatelé zdravotních slueb formou ambulantní a lùkové péèe (koordinace léèebného programu: Toxikologické informaèní støedisko Kliniky pracovního lékaøství Všeobecné fakultní nemocnice v Praze).;PHOENIX lékárenskı velkoobchod, s.r.o., K pérovnì 945/7, Hostivaø, 102 00 Praha 10;"Poèet balení pøípravkù:
200 ampulek (platí celkem pro obì balení).";Všeobecná fakultní nemocnice v Praze, U Nemocnice 499/2, 128 08 Praha 2;BB-NCIPD EAD, 26 Yanko Sakazov Blvd., 1504 Sofia, Bulharsko
0254526;20.05.2026;31.05.2030;200;Zajištìní pohotovostní zásoby léèivého pøípravku (antiséra) k léèbì záškrtu.;Poskytovatelé zdravotních slueb formou ambulantní a lùkové péèe (koordinace léèebného programu: Toxikologické informaèní støedisko Kliniky pracovního lékaøství Všeobecné fakultní nemocnice v Praze).;PHOENIX lékárenskı velkoobchod, s.r.o., K pérovnì 945/7, Hostivaø, 102 00 Praha 10;"Poèet balení pøípravkù:
200 ampulek (platí celkem pro obì balení).";Všeobecná fakultní nemocnice v Praze, U Nemocnice 499/2, 128 08 Praha 2;BB-NCIPD EAD, 26 Yanko Sakazov Blvd., 1504 Sofia, Bulharsko
0254527;24.05.2021;31.12.2026;2000;"Zajištìní léèivého pøípravku s léèivou látkou penicilamin k léèbì revmatoidní artritidy; Wilsonovy choroby; otravy olovem, rtutí, mìdí a zinkem; cystinurie s prokázanou tvorbou cystinovıch kamenù, její recidivì nelze zabránit jinımi postupy (strava bez methioninu, hyperhydratace, alkalizace moèi); dále pøi pokroèilıch stavech vıskytu cystinovıch kamenù se zvláštními riziky (napø. po odstranìní ledviny).";Poskytovatelé zdravotních slueb formou ambulantní a lùkové péèe.;CZ Pharma s. r. o., se sídlem námìstí Smiøickıch 42, 281 63 Kostelec nad Èernımi lesy;Léèivı pøípravek moné distribuovat do 31. 12. 2021. Léèivı pøípravek dodanı do lékáren je moné vydávat a pouívat pøi poskytování zdravotních slueb po dobu jeho doby pouitelnosti.;CZ Pharma s.r.o., se sídlem námìstí Smiøickıch 42, 281 63 Kostelec nad Èernımi lesy;Haupt Pharma Berlin GmbH, Moosrosenstraße 7, 12347 Berlin, Nìmecko
0260185;23.08.2024;31.08.2027;6000;Zajištìní léèivého pøípravku s léèivou látkou dinatrium-chromoglykát k léèbì potravinovıch alergií, u nich je karence alergenù nemoná. Léèivı pøípravek je urèen pro dìti od 2 mìsícù vìku a dospìlé pacienty. V souèasné dobì se nedoporuèuje uívání léèivého pøípravku u kojencù v prvních dvou mìsících ivota (u pøedèasnì narozenıch dìtí o odpovídající dobu déle).;poskytovatelé zdravotních slueb formou ambulantní a lùkové péèe poskytující péèi v oborech alergologie a klinické imunologie;AV Medical CZ s.r.o., Dobronická 1257, 148 00 Praha 4;;AV Medical CZ s.r.o., Dobronická 1257, Kunratice, 148 00 Praha 4, Èeská republika;Pädia GmbH, Von-Humboldt-Str. 1, 64646 Heppenheim, Nìmecko
0260418;01.11.2023;31.10.2026;15000;"Zabezpeèení léèivého pøípravku s léèivou látkou albendazol k léèbì parazitárních
onemocnìní dospìlıch, dospívajících a dìtí od 6 let vìku. Albendazol podávanı
v nízkıch dávkách je indikován ke krátkodobé léèbì parazitárních infekcí:
- Enterobióza (oxyuriáza) - onemocnìní zpùsobené roupem dìtskım (Enterobius
vermicularis),
- trichurióza (trichocefalóza) - onemocnìní zpùsobené tenkohlavcem lidskım
(Trichuris trichiura),
- askarióza - onemocnìní zpùsobené škrkavkou dìtskou (Ascaris lumbricoides),
- ankylostomóza - onemocnìní zpùsobené mìchovcem lidskım (Ankylostoma
duodenale),
- nekatorióza - onemocnìní zpùsobené mìchovcem americkım (Necator
americanus),
- strongyloidóza - onemocnìní háïátkem støevním (Strongyloides stercoralis),
- taenióza - onemocnìní zpùsobené tasemnicemi (Taenia solium, Taenia
saginata),
- giardióza (lamblióza) - onemocnìní zpùsobené Giardia lamblia - u dìtí
od 6 do 12 let vìku.";Poskytovatelé zdravotních slueb formou ambulantní a lùkové péèe.;AV Medical CZ s.r.o., Dobronická 1257, 148 00 Praha 4;;AV Medical CZ s.r.o., Dobronická 1257, 148 00 Praha 4;S.C. VIM SPECTRUM S.R.L., 547367 Corunca nr. 409, Jud. Mureº, Rumunsko
0260421;23.11.2021;30.11.2026;150;Zajištìní pohotovostní zásoby léèivého pøípravku (antidota) pro léèbu tìkıch otrav digoxinem nebo digitalisovımi alkaloidy.;Poskytovatelé zdravotních slueb formou ambulantní a lùkové péèe (koordinace léèebného programu: Toxikologické informaèní støedisko Kliniky pracovního lékaøství Všeobecné fakultní nemocnice v Praze).;PHOENIX lékárenskı velkoobchod, s.r.o., K pérovnì 945/7, Hostivaø, 102 00 Praha 10;;Všeobecná fakultní nemocnice v Praze, prostøednictvím Toxikologického informaèního støediska Kliniky pracovního lékaøství;Protherics UK Limited, Blaenwaun, Ceredigion SA44 5JT, Velká Británie
0260425;16.05.2025;30.04.2027;350;Léèba dìtské pacientky s gliomem s potvrzenou fúzí genu ROS1, u které byly vyèerpány monosti léèby schválenou nebo pøijatelnou standardní terapií nebo terapií s potenciálním efektem. Léèebnı program je urèen pouze k doléèení dìtské pacientky, která byla léèena v rámci specifického léèebného programu è. j. MZDR 8070/2023-9/OLZP.;"Centrum vysoce specializované onkologické péèe pro dìti:
Fakultní nemocnice v Motole, V Úvalu 84, 150 06 Praha 5-Motol";DHL Supply Chain Operations GmbH, In der Au 9, 61197 Florstadt, Nìmecko;;Roche s.r.o., Sokolovská 685/136f, Karlín, 186 00 Praha 8;"Roche Pharma AG, Emil-Barell-Strasse 1, D-79639
Grenzach-Wyhlen, Nìmecko"
0260644;18.03.2022;30.11.2026;120;Zajištìní pohotovostní zásoby léèivého pøípravku (antidota) pro léèbu tìkıch otrav digoxinem nebo digitalisovımi alkaloidy.;Poskytovatelé zdravotních slueb formou ambulantní a lùkové péèe (koordinace léèebného programu: Toxikologické informaèní støedisko Kliniky pracovního lékaøství Všeobecné fakultní nemocnice v Praze).;PHOENIX lékárenskı velkoobchod, s.r.o., K pérovnì 945/7, Hostivaø, 102 00 Praha 10;;Všeobecná fakultní nemocnice v Praze, U Nemocnice 2, 128 08 Praha 2;BTG International Inc., West Conshohocken, PA 19428,USA
0266489;22.08.2025;31.08.2027;110;Zpøístupnìní léèivého pøípravku Leniolisib pro léèbu pacientù se syndromem aktivované delta-fosfatidylinositol-3-kinázy, kteøí ji byli tímto léèivım pøípravkem léèeni v rámci specifického léèebného programu è. j. MZDR 17272/2023-2/OLZP.;Ústav imunologie 2. LF UK a FN Motol, Fakultní nemocnice v Motole, V Úvalu 84, 150 06, Praha 5.;WEP Clinical Ireland Ltd., Unit 17 Primeside Park, Kilshane Way, Northwest Business Park, Dublin 15, Co. Dublin, D15 EF83, Irsko;;Pharming Technologies B.V., Darwinweg 24, 2333 CR, Leiden, Nizozemsko;Pharming Technologies B.V., Darwinweg 24, 2333 CR, Leiden, Nizozemsko
0266490;22.08.2025;31.08.2027;53;Zpøístupnìní léèivého pøípravku Leniolisib pro léèbu pacientù se syndromem aktivované delta-fosfatidylinositol-3-kinázy, kteøí ji byli tímto léèivım pøípravkem léèeni v rámci specifického léèebného programu è. j. MZDR 17272/2023-2/OLZP.;Ústav imunologie 2. LF UK a FN Motol, Fakultní nemocnice v Motole, V Úvalu 84, 150 06, Praha 5.;WEP Clinical Ireland Ltd., Unit 17 Primeside Park, Kilshane Way, Northwest Business Park, Dublin 15, Co. Dublin, D15 EF83, Irsko;;Pharming Technologies B.V., Darwinweg 24, 2333 CR, Leiden, Nizozemsko;Pharming Technologies B.V., Darwinweg 24, 2333 CR, Leiden, Nizozemsko
0266491;22.08.2025;31.08.2027;132;Zpøístupnìní léèivého pøípravku Leniolisib pro léèbu pacientù se syndromem aktivované delta-fosfatidylinositol-3-kinázy, kteøí ji byli tímto léèivım pøípravkem léèeni v rámci specifického léèebného programu è. j. MZDR 17272/2023-2/OLZP.;Ústav imunologie 2. LF UK a FN Motol, Fakultní nemocnice v Motole, V Úvalu 84, 150 06, Praha 5.;WEP Clinical Ireland Ltd., Unit 17 Primeside Park, Kilshane Way, Northwest Business Park, Dublin 15, Co. Dublin, D15 EF83, Irsko;;Pharming Technologies B.V., Darwinweg 24, 2333 CR, Leiden, Nizozemsko;Pharming Technologies B.V., Darwinweg 24, 2333 CR, Leiden, Nizozemsko
0266491;19.12.2024;31.12.2026;80;Zpøístupnìní léèivého pøípravku Leniolisib pro léèbu pacientù se syndromem aktivované delta-fosfatidylinositol-3-kinázy, kteøí se úèastnili klinického hodnocení EudraCT Number 2016-000468-41.;Ústav imunologie 2. LF UK a FN Motol, Fakultní nemocnice v Motole, V Úvalu 84, 150 06, Praha 5.;WEP Clinical Ireland Ltd, Upper Mount Street 46, D02 RX88 Dublin, Ireland;;"WE Pharma Ltd s obchodním oznaèením WEP Clinical, 111 Power Road,
Chiswick, London W4 5PY, Spojené Království, se sídlem WEP Clinical, Chiswick Tower, 389 Chiswick High Road,
London, W4 4AJ, Spojené Království.";Pharming Technologies B.V., Darwinweg 24, 2333 CR, Leiden, Nizozemsko
0266577;30.05.2024;30.06.2029;1700;"Léèivı pøípravek AmBisome je indikován u dospìlıch pacientù a dìtí od 1 mìsíce vìku k:
- léèbì tìkıch systémovıch a/nebo orgánovıch mykóz,
- léèbì viscerální leishmaniózy u imunokompetentních dospìlıch i pediatrickıch pacientù,
- empirické léèbì pøedpokládanıch mykotickıch infekcí u pacientù s febrilní neutropenií, kteøí neodpovìdìli na terapii širokospektrımi antibiotiky a u nich provedená vhodná vyšetøení nevedla k identifikaci bakteriální nebo virové pøíèiny.
Infekce úspìšnì léèené pøípravkem AmBisome zahrnují diseminovanou kandidózu, aspergilózu, mukormykózu, chronickı mycetom, kryptokokovou meningitidu a viscerální leishmaniózu. Pøípravek AmBisome by se nemìl pouívat k léèbì bìnıch klinicky inaparentních forem mykotickıch onemocnìní, u kterıch jsou pouze pozitivní koní a serologická vyšetøení.";Poskytovatelé zdravotních slueb formou lùkové péèe.;Gilead Sciences s.r.o., Pujmanové 1753/10a, 140 00 Praha 4 - Nusle;V souladu s tímto rozhodnutím je léèivı pøípravek moné distribuovat do 30. 6. 2025. Léèivı pøípravek dodanı do lékáren je moné vydávat a pouívat pøi poskytování zdravotních slueb po dobu jeho doby pouitelnosti.;Gilead Sciences s.r.o., Pujmanové 1753/10a, 140 00 Praha 4 - Nusle;Gilead Sciences Ireland UC, IDA Business & Technology Park, Carrigtohill, County Cork, Irsko
0266578;25.07.2024;31.07.2031;13000;Zajištìní léèivého pøípravku s léèivou látkou klonidin hydrochlorid v lékové formì injekèního roztoku k léèbì hypertenzní krize a pøípadù hypertenze, kdy je doèasnì nemoné perorální podání nebo je povaováno za nedostateènì. Parenterální podání je vyhrazeno pro hospitalizované pacienty. Léèivı pøípravek je urèen pro dospìlé pacienty.;Poskytovatelé zdravotních slueb formou lùkové péèe.;Olikla s.r.o., Námìstí Smiøickıch 42, 281 63 Kostelec nad Èernımi lesy;Léèivı pøípravek dodanı do lékáren je moné vydávat a pouívat pøi poskytování zdravotních slueb po dobu jeho doby pouitelnosti.;Olikla s.r.o., Námìstí Smiøickıch 42, 281 63 Kostelec nad Èernımi lesy;Bioindustria Laboratorio Italiano Medicinali S.p.A., Via De Ambrosiis n. 2, 15067 Novi Ligure (Alessandria), Itálie
0267619;03.12.2024;30.11.2027;15000;"Zajištìní dostupnosti lokálních haptenù pro epikutánní testování zejména u pacientù:
-s podezøením na kontaktní dermatitidu, akutní nebo chronickou, vèetnì dermatitidy související s expozicí pøi práci,
-s jinımi typy (chronické) dermatitidy (ekzému), které se léèbou nezlepšují,
- s koními a sliznièními erupcemi (vèetnì opodìné erupce v dùsledku lékù), u kterıch je pøedpokládána opodìná hypersenzitivita.
Pøi pouití u kojencù a dìtí mladších 8 let je posouzení v kompetenci dìtského dermatologa.";Poskytovatelé zdravotních slueb formou ambulantní a lùkové péèe v oboru dermatovenerologie a alergologie.;"AV Medical CZ s.r.o., Dobronická 1257, 148 00 Praha 4, Èeská republika;";15 000 (platí pro všechny pøípravky celkem).;"AV Medical CZ s.r.o., Dobronická 1257, 148 00 Praha 4, Èeská republika;";Chemotechnique MB Diagnostics AB, Modemgatan 9, S-235 39 Vellinge, Švédsko
0267620;03.12.2024;30.11.2027;15000;"Zajištìní dostupnosti lokálních haptenù pro epikutánní testování zejména u pacientù:
-s podezøením na kontaktní dermatitidu, akutní nebo chronickou, vèetnì dermatitidy související s expozicí pøi práci,
-s jinımi typy (chronické) dermatitidy (ekzému), které se léèbou nezlepšují,
- s koními a sliznièními erupcemi (vèetnì opodìné erupce v dùsledku lékù), u kterıch je pøedpokládána opodìná hypersenzitivita.
Pøi pouití u kojencù a dìtí mladších 8 let je posouzení v kompetenci dìtského dermatologa.";Poskytovatelé zdravotních slueb formou ambulantní a lùkové péèe v oboru dermatovenerologie a alergologie.;"AV Medical CZ s.r.o., Dobronická 1257, 148 00 Praha 4, Èeská republika;";15 000 (platí pro všechny pøípravky celkem).;"AV Medical CZ s.r.o., Dobronická 1257, 148 00 Praha 4, Èeská republika;";Chemotechnique MB Diagnostics AB, Modemgatan 9, S-235 39 Vellinge, Švédsko
0267621;03.12.2024;30.11.2027;15000;"Zajištìní dostupnosti lokálních haptenù pro epikutánní testování zejména u pacientù:
-s podezøením na kontaktní dermatitidu, akutní nebo chronickou, vèetnì dermatitidy související s expozicí pøi práci,
-s jinımi typy (chronické) dermatitidy (ekzému), které se léèbou nezlepšují,
- s koními a sliznièními erupcemi (vèetnì opodìné erupce v dùsledku lékù), u kterıch je pøedpokládána opodìná hypersenzitivita.
Pøi pouití u kojencù a dìtí mladších 8 let je posouzení v kompetenci dìtského dermatologa.";Poskytovatelé zdravotních slueb formou ambulantní a lùkové péèe v oboru dermatovenerologie a alergologie.;"AV Medical CZ s.r.o., Dobronická 1257, 148 00 Praha 4, Èeská republika;";15 000 (platí pro všechny pøípravky celkem).;"AV Medical CZ s.r.o., Dobronická 1257, 148 00 Praha 4, Èeská republika;";Chemotechnique MB Diagnostics AB, Modemgatan 9, S-235 39 Vellinge, Švédsko
0267818;12.11.2024;31.10.2026;1400;Zabezpeèení léèivého pøípravku s léèivou látkou labetalol pro intravenózní podání pro léèbu tìké hypertenze, vèetnì tìké hypertenze v tìhotenství (preeklampsie, eklampsie), kdy je nutné rychlé dosaení kontroly krevního tlaku. Léèivı pøípravek mùe bıt dále pouit pøi anestezii k dosaení øízené hypotenze.;Poskytovatelé zdravotních slueb formou lùkové péèe.;ARDEZ Pharma, spol. s r.o., V Borovièkách 278, 252 26 Kosoø;;ARDEZ Pharma, spol. s r.o., V Borovièkách 278, 252 26 Kosoø;S.A.L.F S.p.A Laboratorio Farmacologico, via Marconi 2, 24069 Cenate Sotto (Bergamo), Itálie
0268242;20.12.2024;31.12.2029;36000;Zajištìní léèivého pøípravku s léèivou látkou penicilamin k léèbì revmatoidní artritidy (zejména pro pacienty trpící pokroèilou revmatoidní artritidou, kteøí dostateènì nereagovali na 6mìsíèní léèbu bìnımi antirevmatickımi léèivy), Wilsonovy choroby, závanıch intoxikací mìdí, zlatem, olovem a rtutí a cystinurie (v pøípadì kdy se vhodná opatøení k øešení situace u recidivující litiázy ukáou jako nedostateèná).;Poskytovatelé zdravotních slueb formou ambulantní a lùkové péèe.;Olikla s.r.o., Námìstí Smiøickıch 42, 281 63 Kostelec nad Èernımi lesy;V souladu s tímto rozhodnutím je léèivı pøípravek moné distribuovat do 31. 12. 2026. Léèivı pøípravek dodanı do lékáren je moné vydávat a pouívat pøi poskytování zdravotních slueb po dobu jeho doby pouitelnosti.;Olikla s.r.o., Námìstí Smiøickıch 42, 281 63 Kostelec nad Èernımi lesy.;"MEDINFAR MANUFACTURING, S.A., Parque Industrial Armando Martins Tavares, Rua Outeiro da Armada, 5 Condeixa-a-Nova, 3150-194 Sebal, Portugalsko; FARMALABOR ? Produtos Farmaceuticos, S.A., Zona Industrial de Condeixa-a-Nova, 3150-194 Condeixa-a-Nova, Portugalsko."
0268242;20.12.2023;31.12.2027;18000;Zajištìní léèivého pøípravku s léèivou látkou penicilamin k léèbì revmatoidní artritidy (zejména pro pacienty trpící pokroèilou revmatoidní artritidou, kteøí dostateènì nereagovali na 6mìsíèní léèbu bìnımi antirevmatickımi léèivy), Wilsonovy choroby, závanıch intoxikací mìdí, zlatem, olovem a rtutí a cystinurie (v pøípadì kdy se vhodná opatøení k øešení situace u recidivující litiázy ukáou jako nedostateèná).;Poskytovatelé zdravotních slueb formou ambulantní a lùkové péèe.;Olikla s.r.o., Námìstí Smiøickıch 42, 281 63 Kostelec nad Èernımi lesy;V souladu s tímto rozhodnutím je léèivı pøípravek moné distribuovat do 31. 12. 2024. Léèivı pøípravek dodanı do lékáren je moné vydávat a pouívat pøi poskytování zdravotních slueb po dobu jeho doby pouitelnosti.;Olikla s.r.o., Námìstí Smiøickıch 42, 281 63 Kostelec nad Èernımi lesy;"Farmalabor-Produtos Farmaceuticos, S.A., Zona Industrial de Condeixa-a-Nova, 3150-194 Condeixa-a-Nova, Portugalsko; MEDINFAR MANUFACTURING, S.A.
Parque Industrial Armando Martins Tavares, Rua Outeiro da Armada, 5 Condeixa-a-Nova, 3150-194 Sebal, Portugalsko"
0268242;11.01.2023;31.12.2026;18000;Zajištìní léèivého pøípravku s léèivou látkou penicilamin k léèbì revmatoidní artritidy (zejména pro pacienty trpící pokroèilou revmatoidní artritidou, kteøí dostateènì nereagovali na 6mìsíèní léèbu bìnımi antirevmatickımi léèivy), Wilsonovy choroby, závanıch intoxikací mìdí, zlatem, olovem a rtutí a cystinurie (v pøípadì kdy se vhodná opatøení k øešení situace u recidivující litiázy ukáou jako nedostateèná).;poskytovatelé zdravotních slueb formou ambulantní a lùkové péèe;Olikla s.r.o., Námìstí Smiøickıch 42, 281 63 Kostelec nad Èernımi lesy;V souladu s tímto rozhodnutím je léèivı pøípravek moné distribuovat do 31. 12. 2023. Léèivı pøípravek dodanı do lékáren je moné vydávat a pouívat pøi poskytování zdravotních slueb po dobu jeho doby pouitelnosti.;Olikla s.r.o., Námìstí Smiøickıch 42, 281 63 Kostelec nad Èernımi lesy;"Farmalabor-Produtos Farmaceuticos, S.A., Zona Industrial de Condeixa,
3150-194 Condeixa-a-Nova, Portugalsko"
0268840;05.05.2026;31.05.2028;3600;Zajištìní léèivého pøípravku pro léèbu dospìlıch a dìtí k profylaktické léèbì vrozeného deficitu faktoru XIII a perioperativní léèbì chirurgickıch krvácení spojenıch s vrozenım deficitem faktoru XIII. Dále je léèivı pøípravek indikován pøi hemoragické diatéze, podmínìné nebo spolupodmínìné získanım deficitem faktoru XIII a pøi podpùrné terapii u poruch léèby ran, obzvláš u ulcus cruris, po rozsáhlıch operacích a zranìních.;Poskytovatelé zdravotních slueb formou lùkové péèe, zejména pracovištì se specializací v oborech anesteziologie a intenzivní medicíny, urgentní medicíny a hematologie.;CSL BEHRING s. r. o., Vyskoèilova 1461/2a, 140 00 Praha 4 - Michle;;CSL Behring GmbH, Emil von Behring Strasse 76, 35041 Marburg, Nìmecko zastoupené spoleèností CSL BEHRING s. r. o., se sídlem Vyskoèilova 1461/2a, 140 00 Praha 4 - Michle;CSL BEHRING GmbH, Emil von Behring Strasse 76, 35041 Marburg, Nìmecko
0268893;06.12.2022;30.11.2026;1950;"Zabezpeèení zásoby antidota pro léèbu osob kontaminovanıch radionuklidy v rámci Støedisek speciální zdravotní péèe o osoby ozáøené pøi radiaèních nehodách (SSZP) a v jinıch zdravotnickıch zaøízeních v Èeské republice a zabezpeèení antidota pro léèbu intoxikací tìkımi kovy pro zdravotnická zaøízení v Èeské republice.

Dle souhrnu údajù o pøípravku:
Akutní otrava rtutí (kovová, páry, anorganické a organické slouèeniny rtuti), pokud není moná orální aplikace nebo ošetøení aludeèní sondou. Dle souhrnu údajù o pøípravku je pøípravek urèen pro dospìlé.

Dle doporuèení Mezinárodního programu chemické bezpeènosti (International Programme on Chemical Safety; IPCS Evaluation of antidotes in poisoning by metals and metalloids-unithiol) a doporuèení toxikologické databáze TOXBASE:
Antidotum pro léèbu akutní a chronické otravy tìkımi kovy (rtu, olovo, arzén, mìï, antimon, chrom, kobalt) u dìtí i dospìlıch.

Dle Pracovního postupu - Zajištìní hospitalizace a péèe o ozáøené osoby (PP-VFN-052):
Antidotum pro léèbu vnitøní kontaminace radionuklidy polonia, rtuti a olova. Pøi kontaminaci kùe tìkımi kovy.";poskytovatelé zdravotních slueb formou ambulantní nebo lùkové péèe a Støediska speciální zdravotní péèe o osoby ozáøené pøi radiaèních nehodách (SSZP). Koordinaci léèebného programu zabezpeèuje Toxikologické informaèní støedisko Kliniky pracovního lékaøství Všeobecné fakultní nemocnice v Praze.;PHOENIX lékárenskı velkoobchod, s.r.o., K pérovnì 945/7, Hostivaø, 102 00 Praha 10;;Všeobecná fakultní nemocnice v Praze, U nemocnice 2, 128 08 Praha 2;"Ever Pharma Jena GmbH, Otto-Schott-Straße 15, 07745 Jena Nìmecko; 
IL-CSM Clinical Supplies Management GmbH Marie-Curie-Str. 8, 79539 Lörrach Nìmecko"
0269056;23.06.2023;30.06.2027;2000;Zabezpeèení pohotovostní zásoby antirabického séra k postexpozièní profylaxi vztekliny.;Poskytovatelé zdravotních slueb formou ambulantní nebo lùkové péèe (koordinace léèebného programu: Toxikologické informaèní støedisko Kliniky pracovního lékaøství Všeobecné fakultní nemocnice v Praze).;CSL BEHRING s.r.o., Vyskoèilova 1461/2a, 140 00 Praha 4 - Michle;platí kumulativnì pro všechny pøípravky;Všeobecná fakultní nemocnice v Praze, U Nemocnice 499/2, 128 08 Praha 2;CSL Behring GmbH, Emil-von-Behring-Str. 76, 35041 Marburg, Nìmecko
0271771;22.05.2023;31.05.2027;54000;Zajištìní léèivého pøípravku s léèivou látkou ibuprofen v lékové formì perorální suspenze ke krátkodobé symptomatické léèbì mírnıch a støednì silnıch bolestí a horeèky. Pøípravek je vhodnı pro dìti od 6 mìsícù vìku.;Poskytovatelé zdravotních slueb.;"- Alliance Healthcare s.r.o., Podle Trati è.p. 624/7, 108 00 Praha 10 ? Malešice;
- PHOENIX lékárenskı velkoobchod, s.r.o., K pérovnì 945/7, Hostivaø, 102 00 Praha 10;
- PHARMOS, a.s., Tìšínská 1349/296, Radvanice, 716 00 Ostrava.";V souladu s tímto rozhodnutím je léèivı pøípravek moné distribuovat do 31. 5. 2024. Léèivı pøípravek dodanı do lékáren je moné vydávat a pouívat pøi poskytování zdravotních slueb po dobu jeho doby pouitelnosti.(36M);"Zentiva, k.s., U kabelovny 130, 102 37 Praha 10 ? Dolní Mìcholupy,
Èeská republika";"Zentiva, k.s., U kabelovny 130, 102 37 Praha 10 ? Dolní Mìcholupy,
Èeská republika"
0272937;30.12.2024;31.12.2026;10000;Zajištìní léèivého pøípravku s léèivou látkou digoxin v lékové formì injekèního roztoku k léèbì dìtí a dospìlıch v následujících indikacích: srdeèní selhání supraventrikulární arytmie, zejména fibrilace síní a flutter síní.;Poskytovatelé zdravotních slueb formou ambulantní a lùkové péèe.;Olikla s.r.o., Námìstí Smiøickıch 42, 281 63 Kostelec nad Èernımi lesy;;Olikla s.r.o., Námìstí Smiøickıch 42, 281 63 Kostelec nad Èernımi lesy;"ANFARM HELLAS S.A., 61st km National Road Athens-Lamia,
320 09 Schimatari, Viotia, Øecko"
0272993;31.12.2024;31.12.2026;600;"Léèivı pøípravek je urèen pacientùm (enám i muùm) starších 18 let, pro které je stanovení míry exprese a vazebnıch vlastností estrogenovıch receptorù pomocí 18F-FES PET opodstatnìné z dùvodu potøeby pøesné cílené diagnostiky a personalizovanému designu léèby. Vyšetøení pomocí 18F-FES PET je mono provést u karcinomu prsu:
- pro staging a restaging ER pozitivního karcinomu prsu,
- k predikci odpovìdi pacienta na endokrinní léèbu,
- ke stanovení heterogenity exprese estrogenovıch receptorù u primárního nádoru a jeho metastáz.
Indikace vyšetøení musí bıt schválena multidisciplinárním tımem zamìøenım na karcinom prsu v rámci Centra vysoce specializované onkologické péèe. Je nutné zohlednit eventuální nutnost vysazení antiestrogenní léèby.";Kliniky (oddìlení) nukleární medicíny poskytovatelù zdravotních slueb formou ambulantní a lùkové péèe s pøístrojovım vybavením pro PET, PET/CT nebo PET/MRI zobrazení.;RadioMedic s.r.o., Husinec-Øe 289, 250 68 Øe;600 (platí kumulativnì pro všechny neregistrované léèivé pøípravky 18F-FES 1-8GBq).;RadioMedic s.r.o., Husinec-Øe 289, 250 68 Øe;RadioMedic s.r.o., Husinec-Øe 289, 250 68 Øe
0272995;31.12.2024;31.12.2026;600;"Léèivı pøípravek je urèen pacientùm (enám i muùm) starších 18 let, pro které je stanovení míry exprese a vazebnıch vlastností estrogenovıch receptorù pomocí 18F-FES PET opodstatnìné z dùvodu potøeby pøesné cílené diagnostiky a personalizovanému designu léèby. Vyšetøení pomocí 18F-FES PET je mono provést u karcinomu prsu:
- pro staging a restaging ER pozitivního karcinomu prsu,
- k predikci odpovìdi pacienta na endokrinní léèbu,
- ke stanovení heterogenity exprese estrogenovıch receptorù u primárního nádoru a jeho metastáz.
Indikace vyšetøení musí bıt schválena multidisciplinárním tımem zamìøenım na karcinom prsu v rámci Centra vysoce specializované onkologické péèe. Je nutné zohlednit eventuální nutnost vysazení antiestrogenní léèby.";Kliniky (oddìlení) nukleární medicíny poskytovatelù zdravotních slueb formou ambulantní a lùkové péèe s pøístrojovım vybavením pro PET, PET/CT nebo PET/MRI zobrazení.;RadioMedic s.r.o., Husinec-Øe 289, 250 68 Øe;600 (platí kumulativnì pro všechny neregistrované léèivé pøípravky 18F-FES 1-8GBq).;RadioMedic s.r.o., Husinec-Øe 289, 250 68 Øe;RadioMedic s.r.o., Husinec-Øe 289, 250 68 Øe
0272997;31.12.2024;31.12.2026;600;"Léèivı pøípravek je urèen pacientùm (enám i muùm) starších 18 let, pro které je stanovení míry exprese a vazebnıch vlastností estrogenovıch receptorù pomocí 18F-FES PET opodstatnìné z dùvodu potøeby pøesné cílené diagnostiky a personalizovanému designu léèby. Vyšetøení pomocí 18F-FES PET je mono provést u karcinomu prsu:
- pro staging a restaging ER pozitivního karcinomu prsu,
- k predikci odpovìdi pacienta na endokrinní léèbu,
- ke stanovení heterogenity exprese estrogenovıch receptorù u primárního nádoru a jeho metastáz.
Indikace vyšetøení musí bıt schválena multidisciplinárním tımem zamìøenım na karcinom prsu v rámci Centra vysoce specializované onkologické péèe. Je nutné zohlednit eventuální nutnost vysazení antiestrogenní léèby.";Kliniky (oddìlení) nukleární medicíny poskytovatelù zdravotních slueb formou ambulantní a lùkové péèe s pøístrojovım vybavením pro PET, PET/CT nebo PET/MRI zobrazení.;RadioMedic s.r.o., Husinec-Øe 289, 250 68 Øe;600 (platí kumulativnì pro všechny neregistrované léèivé pøípravky 18F-FES 1-8GBq).;RadioMedic s.r.o., Husinec-Øe 289, 250 68 Øe;RadioMedic s.r.o., Husinec-Øe 289, 250 68 Øe
0272999;31.12.2024;31.12.2026;600;"Léèivı pøípravek je urèen pacientùm (enám i muùm) starších 18 let, pro které je stanovení míry exprese a vazebnıch vlastností estrogenovıch receptorù pomocí 18F-FES PET opodstatnìné z dùvodu potøeby pøesné cílené diagnostiky a personalizovanému designu léèby. Vyšetøení pomocí 18F-FES PET je mono provést u karcinomu prsu:
- pro staging a restaging ER pozitivního karcinomu prsu,
- k predikci odpovìdi pacienta na endokrinní léèbu,
- ke stanovení heterogenity exprese estrogenovıch receptorù u primárního nádoru a jeho metastáz.
Indikace vyšetøení musí bıt schválena multidisciplinárním tımem zamìøenım na karcinom prsu v rámci Centra vysoce specializované onkologické péèe. Je nutné zohlednit eventuální nutnost vysazení antiestrogenní léèby.";Kliniky (oddìlení) nukleární medicíny poskytovatelù zdravotních slueb formou ambulantní a lùkové péèe s pøístrojovım vybavením pro PET, PET/CT nebo PET/MRI zobrazení.;RadioMedic s.r.o., Husinec-Øe 289, 250 68 Øe;600 (platí kumulativnì pro všechny neregistrované léèivé pøípravky 18F-FES 1-8GBq).;RadioMedic s.r.o., Husinec-Øe 289, 250 68 Øe;RadioMedic s.r.o., Husinec-Øe 289, 250 68 Øe
0273000;31.12.2024;31.12.2026;600;"Léèivı pøípravek je urèen pacientùm (enám i muùm) starších 18 let, pro které je stanovení míry exprese a vazebnıch vlastností estrogenovıch receptorù pomocí 18F-FES PET opodstatnìné z dùvodu potøeby pøesné cílené diagnostiky a personalizovanému designu léèby. Vyšetøení pomocí 18F-FES PET je mono provést u karcinomu prsu:
- pro staging a restaging ER pozitivního karcinomu prsu,
- k predikci odpovìdi pacienta na endokrinní léèbu,
- ke stanovení heterogenity exprese estrogenovıch receptorù u primárního nádoru a jeho metastáz.
Indikace vyšetøení musí bıt schválena multidisciplinárním tımem zamìøenım na karcinom prsu v rámci Centra vysoce specializované onkologické péèe. Je nutné zohlednit eventuální nutnost vysazení antiestrogenní léèby.";Kliniky (oddìlení) nukleární medicíny poskytovatelù zdravotních slueb formou ambulantní a lùkové péèe s pøístrojovım vybavením pro PET, PET/CT nebo PET/MRI zobrazení.;RadioMedic s.r.o., Husinec-Øe 289, 250 68 Øe;600 (platí kumulativnì pro všechny neregistrované léèivé pøípravky 18F-FES 1-8GBq).;RadioMedic s.r.o., Husinec-Øe 289, 250 68 Øe;RadioMedic s.r.o., Husinec-Øe 289, 250 68 Øe
0273001;31.12.2024;31.12.2026;600;"Léèivı pøípravek je urèen pacientùm (enám i muùm) starších 18 let, pro které je stanovení míry exprese a vazebnıch vlastností estrogenovıch receptorù pomocí 18F-FES PET opodstatnìné z dùvodu potøeby pøesné cílené diagnostiky a personalizovanému designu léèby. Vyšetøení pomocí 18F-FES PET je mono provést u karcinomu prsu:
- pro staging a restaging ER pozitivního karcinomu prsu,
- k predikci odpovìdi pacienta na endokrinní léèbu,
- ke stanovení heterogenity exprese estrogenovıch receptorù u primárního nádoru a jeho metastáz.
Indikace vyšetøení musí bıt schválena multidisciplinárním tımem zamìøenım na karcinom prsu v rámci Centra vysoce specializované onkologické péèe. Je nutné zohlednit eventuální nutnost vysazení antiestrogenní léèby.";Kliniky (oddìlení) nukleární medicíny poskytovatelù zdravotních slueb formou ambulantní a lùkové péèe s pøístrojovım vybavením pro PET, PET/CT nebo PET/MRI zobrazení.;RadioMedic s.r.o., Husinec-Øe 289, 250 68 Øe;600 (platí kumulativnì pro všechny neregistrované léèivé pøípravky 18F-FES 1-8GBq).;RadioMedic s.r.o., Husinec-Øe 289, 250 68 Øe;RadioMedic s.r.o., Husinec-Øe 289, 250 68 Øe
0273002;31.12.2024;31.12.2026;600;"Léèivı pøípravek je urèen pacientùm (enám i muùm) starších 18 let, pro které je stanovení míry exprese a vazebnıch vlastností estrogenovıch receptorù pomocí 18F-FES PET opodstatnìné z dùvodu potøeby pøesné cílené diagnostiky a personalizovanému designu léèby. Vyšetøení pomocí 18F-FES PET je mono provést u karcinomu prsu:
- pro staging a restaging ER pozitivního karcinomu prsu,
- k predikci odpovìdi pacienta na endokrinní léèbu,
- ke stanovení heterogenity exprese estrogenovıch receptorù u primárního nádoru a jeho metastáz.
Indikace vyšetøení musí bıt schválena multidisciplinárním tımem zamìøenım na karcinom prsu v rámci Centra vysoce specializované onkologické péèe. Je nutné zohlednit eventuální nutnost vysazení antiestrogenní léèby.";Kliniky (oddìlení) nukleární medicíny poskytovatelù zdravotních slueb formou ambulantní a lùkové péèe s pøístrojovım vybavením pro PET, PET/CT nebo PET/MRI zobrazení.;RadioMedic s.r.o., Husinec-Øe 289, 250 68 Øe;600 (platí kumulativnì pro všechny neregistrované léèivé pøípravky 18F-FES 1-8GBq).;RadioMedic s.r.o., Husinec-Øe 289, 250 68 Øe;RadioMedic s.r.o., Husinec-Øe 289, 250 68 Øe
0273003;31.12.2024;31.12.2026;600;"Léèivı pøípravek je urèen pacientùm (enám i muùm) starších 18 let, pro které je stanovení míry exprese a vazebnıch vlastností estrogenovıch receptorù pomocí 18F-FES PET opodstatnìné z dùvodu potøeby pøesné cílené diagnostiky a personalizovanému designu léèby. Vyšetøení pomocí 18F-FES PET je mono provést u karcinomu prsu:
- pro staging a restaging ER pozitivního karcinomu prsu,
- k predikci odpovìdi pacienta na endokrinní léèbu,
- ke stanovení heterogenity exprese estrogenovıch receptorù u primárního nádoru a jeho metastáz.
Indikace vyšetøení musí bıt schválena multidisciplinárním tımem zamìøenım na karcinom prsu v rámci Centra vysoce specializované onkologické péèe. Je nutné zohlednit eventuální nutnost vysazení antiestrogenní léèby.";Kliniky (oddìlení) nukleární medicíny poskytovatelù zdravotních slueb formou ambulantní a lùkové péèe s pøístrojovım vybavením pro PET, PET/CT nebo PET/MRI zobrazení.;RadioMedic s.r.o., Husinec-Øe 289, 250 68 Øe;600 (platí kumulativnì pro všechny neregistrované léèivé pøípravky 18F-FES 1-8GBq).;RadioMedic s.r.o., Husinec-Øe 289, 250 68 Øe;RadioMedic s.r.o., Husinec-Øe 289, 250 68 Øe
0273004;31.12.2024;31.12.2026;600;"Léèivı pøípravek je urèen pacientùm (enám i muùm) starších 18 let, pro které je stanovení míry exprese a vazebnıch vlastností estrogenovıch receptorù pomocí 18F-FES PET opodstatnìné z dùvodu potøeby pøesné cílené diagnostiky a personalizovanému designu léèby. Vyšetøení pomocí 18F-FES PET je mono provést u karcinomu prsu:
- pro staging a restaging ER pozitivního karcinomu prsu,
- k predikci odpovìdi pacienta na endokrinní léèbu,
- ke stanovení heterogenity exprese estrogenovıch receptorù u primárního nádoru a jeho metastáz.
Indikace vyšetøení musí bıt schválena multidisciplinárním tımem zamìøenım na karcinom prsu v rámci Centra vysoce specializované onkologické péèe. Je nutné zohlednit eventuální nutnost vysazení antiestrogenní léèby.";Kliniky (oddìlení) nukleární medicíny poskytovatelù zdravotních slueb formou ambulantní a lùkové péèe s pøístrojovım vybavením pro PET, PET/CT nebo PET/MRI zobrazení.;RadioMedic s.r.o., Husinec-Øe 289, 250 68 Øe;600 (platí kumulativnì pro všechny neregistrované léèivé pøípravky 18F-FES 1-8GBq).;RadioMedic s.r.o., Husinec-Øe 289, 250 68 Øe;RadioMedic s.r.o., Husinec-Øe 289, 250 68 Øe
0273005;31.12.2024;31.12.2026;600;"Léèivı pøípravek je urèen pacientùm (enám i muùm) starších 18 let, pro které je stanovení míry exprese a vazebnıch vlastností estrogenovıch receptorù pomocí 18F-FES PET opodstatnìné z dùvodu potøeby pøesné cílené diagnostiky a personalizovanému designu léèby. Vyšetøení pomocí 18F-FES PET je mono provést u karcinomu prsu:
- pro staging a restaging ER pozitivního karcinomu prsu,
- k predikci odpovìdi pacienta na endokrinní léèbu,
- ke stanovení heterogenity exprese estrogenovıch receptorù u primárního nádoru a jeho metastáz.
Indikace vyšetøení musí bıt schválena multidisciplinárním tımem zamìøenım na karcinom prsu v rámci Centra vysoce specializované onkologické péèe. Je nutné zohlednit eventuální nutnost vysazení antiestrogenní léèby.";Kliniky (oddìlení) nukleární medicíny poskytovatelù zdravotních slueb formou ambulantní a lùkové péèe s pøístrojovım vybavením pro PET, PET/CT nebo PET/MRI zobrazení.;RadioMedic s.r.o., Husinec-Øe 289, 250 68 Øe;600 (platí kumulativnì pro všechny neregistrované léèivé pøípravky 18F-FES 1-8GBq).;RadioMedic s.r.o., Husinec-Øe 289, 250 68 Øe;RadioMedic s.r.o., Husinec-Øe 289, 250 68 Øe
0273006;31.12.2024;31.12.2026;600;"Léèivı pøípravek je urèen pacientùm (enám i muùm) starších 18 let, pro které je stanovení míry exprese a vazebnıch vlastností estrogenovıch receptorù pomocí 18F-FES PET opodstatnìné z dùvodu potøeby pøesné cílené diagnostiky a personalizovanému designu léèby. Vyšetøení pomocí 18F-FES PET je mono provést u karcinomu prsu:
- pro staging a restaging ER pozitivního karcinomu prsu,
- k predikci odpovìdi pacienta na endokrinní léèbu,
- ke stanovení heterogenity exprese estrogenovıch receptorù u primárního nádoru a jeho metastáz.
Indikace vyšetøení musí bıt schválena multidisciplinárním tımem zamìøenım na karcinom prsu v rámci Centra vysoce specializované onkologické péèe. Je nutné zohlednit eventuální nutnost vysazení antiestrogenní léèby.";Kliniky (oddìlení) nukleární medicíny poskytovatelù zdravotních slueb formou ambulantní a lùkové péèe s pøístrojovım vybavením pro PET, PET/CT nebo PET/MRI zobrazení.;RadioMedic s.r.o., Husinec-Øe 289, 250 68 Øe;600 (platí kumulativnì pro všechny neregistrované léèivé pøípravky 18F-FES 1-8GBq).;RadioMedic s.r.o., Husinec-Øe 289, 250 68 Øe;RadioMedic s.r.o., Husinec-Øe 289, 250 68 Øe
0273007;31.12.2024;31.12.2026;600;"Léèivı pøípravek je urèen pacientùm (enám i muùm) starších 18 let, pro které je stanovení míry exprese a vazebnıch vlastností estrogenovıch receptorù pomocí 18F-FES PET opodstatnìné z dùvodu potøeby pøesné cílené diagnostiky a personalizovanému designu léèby. Vyšetøení pomocí 18F-FES PET je mono provést u karcinomu prsu:
- pro staging a restaging ER pozitivního karcinomu prsu,
- k predikci odpovìdi pacienta na endokrinní léèbu,
- ke stanovení heterogenity exprese estrogenovıch receptorù u primárního nádoru a jeho metastáz.
Indikace vyšetøení musí bıt schválena multidisciplinárním tımem zamìøenım na karcinom prsu v rámci Centra vysoce specializované onkologické péèe. Je nutné zohlednit eventuální nutnost vysazení antiestrogenní léèby.";Kliniky (oddìlení) nukleární medicíny poskytovatelù zdravotních slueb formou ambulantní a lùkové péèe s pøístrojovım vybavením pro PET, PET/CT nebo PET/MRI zobrazení.;RadioMedic s.r.o., Husinec-Øe 289, 250 68 Øe;600 (platí kumulativnì pro všechny neregistrované léèivé pøípravky 18F-FES 1-8GBq).;RadioMedic s.r.o., Husinec-Øe 289, 250 68 Øe;RadioMedic s.r.o., Husinec-Øe 289, 250 68 Øe
0273443;03.03.2025;28.02.2029;7000;Zajištìní léèivého pøípravku s léèivou látkou cyklopentolát-hydrochlorid ve formì oèních kapek pro dospìlé a dìti od 3 mìsícù vìku pro diagnostické úèely pro fundoskopii a cykloplegickou refrakci a dilataci zornice u zánìtlivıch stavù duhovky a uveálního traktu.;poskytovatelé zdravotních slueb formou ambulantní a lùkové péèe;Olikla s.r.o., Námìstí Smiøickıch 42, 281 63 Kostelec nad Èernımi lesy;V souladu s tímto rozhodnutím je léèivı pøípravek moné distribuovat do 28. 2. 2027. Léèivı pøípravek dodanı do lékáren je moné vydávat a pouívat pøi poskytování zdravotních slueb po dobu jeho doby pouitelnosti.;Olikla s.r.o., Námìstí Smiøickıch 42, 281 63 Kostelec nad Èernımi lesy;Balkanpharma-Razgrad AD, 68 Aprilsko vastanie bld, 7200 Razgrad, Bulharsko
0273473;04.02.2025;30.09.2030;1000;Zabezpeèení léèivého pøípravku s léèivou látkou disulfiram indikovaného jako adjuvans pøi odvykací léèbì chronického alkoholismu u spolupracujících dospìlıch alkoholikù.;Poskytovatelé zdravotních slueb formou ambulantní a lùkové péèe.;Olikla s.r.o., Námìstí Smiøickıch 42, 281 63 Kostelec nad Èernımi lesy;V souladu s tímto rozhodnutím je léèivı pøípravek moné distribuovat do 30. 9. 2025. Léèivı pøípravek dodanı do lékáren je moné vydávat a pouívat pøi poskytování zdravotních slueb po dobu jeho doby pouitelnosti.;Olikla s.r.o., Námìstí Smiøickıch 42, 281 63 Kostelec nad Èernımi lesy;Farmalabor-Produtos Farmaceuticos, S.A., Zona Industrial de Condeixa, Sebal Grande, 3150-194 Condeixa-a-Nova, Portugalsko
0273473;12.06.2024;31.12.2029;1200;Zabezpeèení léèivého pøípravku s léèivou látkou disulfiram indikovaného jako adjuvans pøi odvykací léèbì chronického alkoholismu u spolupracujících dospìlıch alkoholikù.;Poskytovatelé zdravotních slueb formou ambulantní a lùkové péèe.;Olikla s.r.o., Námìstí Smiøickıch 42, 281 63 Kostelec nad Èernımi lesy;V souladu s tímto rozhodnutím je léèivı pøípravek moné distribuovat do 31. 12. 2024. Léèivı pøípravek dodanı do lékáren je moné vydávat a pouívat pøi poskytování zdravotních slueb po dobu jeho doby pouitelnosti.;Olikla s.r.o., Námìstí Smiøickıch 42, 281 63 Kostelec nad Èernımi lesy;Farmalabor-Produtos Farmaceuticos, S.A., Zona Industrial de Condeixa, Sebal Grande, 3150-194 Condeixa-a-Nova, Portugalsko
0273473;24.03.2023;30.06.2029;5000;Zabezpeèení léèivého pøípravku s léèivou látkou disulfiram indikovaného jako adjuvans pøi odvykací léèbì chronického alkoholismu u spolupracujících dospìlıch alkoholikù.;Poskytovatelé zdravotních slueb formou ambulantní a lùkové péèe.;Olikla s.r.o., Námìstí Smiøickıch 42, 281 63 Kostelec nad Èernımi lesy;V souladu s tímto rozhodnutím je léèivı pøípravek moné distribuovat do 30. 6. 2024. Léèivı pøípravek dodanı do lékáren je moné vydávat a pouívat pøi poskytování zdravotních slueb po dobu jeho doby pouitelnosti.;Olikla s.r.o, námìstí Smiøickıch 42, 281 63 Kostelec nad Èernımi lesy;Farmalabor-Produtos Farmaceuticos, S.A., Zona Industrial de Condeixa, Sebal Grande, 3150-194 Condeixa-a-Nova, Portugalsko
0273705;12.05.2023;31.12.2026;15 000;Zabezpeèení léèivého pøípravku s léèivou látkou hydroxykarbamid k léèbì chronické myeloidní leukemie (pøedléèebná fáze a paliativní péèe).;Poskytovatelé zdravotních slueb formou ambulantní a lùkové péèe poskytující péèi v oborech hematologie a transfuzní lékaøství, dìtská onkologie a hematologie, klinická onkologie, dìtská onkologie a hematologie a radiaèní onkologie.;Olikla s.r.o., Námìstí Smiøickıch 42, 281 63 Kostelec nad Èernımi lesy;V souladu s tímto rozhodnutím je léèivı pøípravek moné distribuovat do 31. 12. 2023. Léèivı pøípravek dodanı do lékáren je moné vydávat a pouívat pøi poskytování zdravotních slueb po dobu jeho doby pouitelnosti.;Olikla s.r.o., Námìstí Smiøickıch 42, 281 63 Kostelec nad Èernımi lesy;"Haupt Pharma Amareg GmbH, Donaustaufer Str. 378, 93055 Regensburg, Nìmecko;
European Pharma Hub Kft., 2360 Gyál, 7000/9 hrsz. Gorcsev Iván u. 5.,
15. és 16. raktár, Maïarsko
"
0273989;03.06.2025;31.05.2027;30000;"Léèivı pøípravek je urèen pro léèbu en od 18 let vìku v následujících terapeutickıch indikacích.
-Krvácení po pøerušení tìhotenství.
-Zvıšené krvácení po porodu a nedostateèné zavinutí dìlohy po porodu u en, které nekojí.
eny, které kojí, by mìly pøípravek pouívat jako lék druhé volby v pøípadech, kdy jsou ostatní látky ke stahování dìlohy, jako napøíklad oxytocin, prostaglandiny nebo jejich deriváty, neúèinné nebo kontraindikované.";Gynekologicko-porodnická pracovištì poskytovatelù zdravotních slueb formou ambulantní a lùkové péèe a poskytovatelé zdravotnické záchranné sluby.;BIOTIKA BOHEMIA spol. s r.o., se sídlem Durychova 101/66, Lhotka, 142 00 Praha 4;;BIOTIKA BOHEMIA spol. s r.o., se sídlem Durychova 101/66, Lhotka, 142 00 Praha 4;PANPHARMA GmbH, Bunsenstrasse 4, 22946 Trittau, Nìmecko
0276173;10.10.2025;30.09.2027;20000;Zajištìní léèivého pøípravku obsahujícího kombinaci léèivıch látek levodopa a benserazid-hydrochlorid v perorální lékové formì s prodlouenım uvolòováním pro doplòkovou léèbu Parkinsonovy nemoci u pacientù, kteøí ji uívají levodopu v kombinaci s inhibitorem dekarboxylázy.;Poskytovatelé zdravotních slueb formou lùkové a ambulantní péèe.;ROCHE s.r.o., Sokolovská 685/136f, 186 00 Praha 8;;ROCHE s.r.o., Sokolovská 685/136f, 186 00 Praha 8;Roche Pharma AG, Emil-Barell-Straße 1, 79639 Grenzach-Wyhlen, Nìmecko
0276883;15.08.2023;31.07.2027;40;Zajištìní léèivého pøípravku s léèivou látkou artesunát pro nouzovou léèbu závané nebo komplikované malárie zpùsobené Plasmodium falciparum nebo Plasmodium vivax.;Poskytovatelé zdravotních slueb formou ambulantní nebo lùkové péèe (koordinace léèebného programu: Toxikologické informaèní støedisko Kliniky pracovního lékaøství Všeobecné fakultní nemocnice v Praze);"PHOENIX lékárenskı velkoobchod, s.r.o., K Pérovnì 945/7, 102 00
Praha 10";;Všeobecná fakultní nemocnice v Praze, U nemocnice 2, 128 08 Praha 2;Guilin Pharmaceutical Co., Ltd. China
0278392;01.11.2025;31.10.2027;480;"Zajištìní léèivého pøípravku s léèivou látkou fenytoin v lékové formì injekèního roztoku pro léèbu v následujících terapeutickıch indikacích:
-Léèba status epilepticus tonicko-klonického typu.
-Generalizované tonicko-klonické záchvaty a jednoduché nebo komplexní parciální záchvaty.
-Léèba a prevence záchvatù v neurochirurgii.
-Síòové a komorové arytmie, zejména pokud jsou zpùsobeny intoxikací digitalisem.";Poskytovatelé zdravotních slueb formou ambulantní a lùkové péèe.;Olikla s.r.o., Námìstí Smiøickıch 42, 281 63 Kostelec nad Èernımi lesy;;Olikla s.r.o., Námìstí Smiøickıch 42, 281 63 Kostelec nad Èernımi lesy;Laboratorios RUBIÓ, S.A., C/ Indústria 29, Polígon Industrial Comte de Sert 08755 Castellbisbal, Barcelona, Španìlsko
0278474;23.12.2025;31.12.2027;160;"Zajištìní léèivého pøípravku pro hepatobiliární scintigrafická vyšetøení pøi:
- hodnocení funkce hepatobiliárního systému,
- hodnocení integrity hepatobiliárního drenáního systému pøi extrahepatální biliární obstrukci, nefunkèním nebo omezenì funkèním luèníku, zánìtu luèníku, atrézii luèovıch cest, luèovıch cystách a podobnıch patologickıch zmìnách luèovıch cest.
Pøípravek lze pouít také pøi hyperbilirubinémii.";Kliniky (oddìlení) nukleární medicíny poskytovatelù zdravotních slueb formou ambulantní nebo lùkové péèe.;G and G Medical Engineering spol. s r.o., Trojmezní 1538/44, 190 00 Praha 9;;G and G Medical Engineering spol. s r.o., Trojmezní 1538/44, 190 00 Praha 9;Medi-Radiopharma Kft., Szamos u. 10-12, 2030 Érd, Maïarsko
0278479;01.01.2025;30.06.2026;100000;"Zabezpeèení léèivého pøípravku s léèivou látkou molnupiravir k léèbì mírného a støednì tìkého onemocnìní COVID-19 u pacientù, kteøí jsou ve vysokém riziku progrese do závaného onemocnìní s potøebou hospitalizace (vèetnì osob døíve oèkovanıch proti onemocnìní COVID-19), pokud není moná léèba registrovanımi antivirotiky a pokud pacient splòuje následující kritéria:
- pacient je osoba starší 18 let,
- má pozitivní test na SARS-CoV-2 (antigenní èi PCR),
- léèba bude zahájena do 5 dnù od nástupu pøíznakù onemocnìní COVID-19,
- klinickı stav pacienta nevyaduje hospitalizaci pro COVID-19 (na pacienty, kteøí jsou hospitalizováni z jiného dùvodu, ne je COVID-19, se vztahují identická kritéria podání jako pro nehospitalizované osoby),
- klinickı stav pacienta nevyaduje léèebné podávání kyslíku pro COVID-19,
- dlouhodobá prognóza pacienta je vyhodnocena jako pøíznivá.
Pacient s vysokım rizikem progrese do závané formy onemocnìní COVID-19 nebo hospitalizace je definován jako ten, kterı splòuje alespoò jedno z následujících kritérií:
A) vìk od 65 let;
B) závaná porucha imunity:
- transplantace solidního orgánu,
- pøíjemci T-lymfocytù s chimérickım antigenním receptorem (CAR T-lymfocyty) nebo transplantace kostní døenì (do 2 let od transplantace nebo na trvající imunosupresivní léèbì),
- onkologické nebo hemato-onkologické onemocnìní s aktuálnì probíhající léèbou,
- biologická terapie zamìøená na B lymfocyty,
- dlouhodobá terapie kortikosteroidy v denní dávce vyšší ne 0,2 mg/kg/den prednisonu (èi ekvivalentu takové dávky pøi pouití jiného kortikosteroidu) nebo léèba dalšími imunosupresivními léèivy (napøíklad azathioprinem, cyklofosfamidem),
- závané primární imunodeficity (jako jsou vrozené agamaglobulinémie, bìnı variabilní imunodeficit, Wiskottùv-Aldrichùv syndrom), nebo
- pokroèilá HIV infekce (absolutní poèet CD4+ lymfocytù ménì ne 200/mikrol);
C) závané chronické plicní onemocnìní v dispenzarizaci
- progredující plicní fibróza,
- cystická fibróza,
- non-CF bronchiektázie,
- chronická obstrukèní plicní choroba III - IV, nebo
- tìké astma (závanost diagnózy stanovena specialistou);
D) kombinace komorbidit - souèasnì nejménì 3 komorbidity z následujícího vıètu:
- index tìlesné hmotnosti (BMI) více nebo rovno 35 kg/m2,
- vìk od 55 let a souèasnì léèená arteriální hypertenze,
- vìk od 55 let a souèasnì index tìlesné hmotnosti (BMI) vìtší nebo rovno 30 kg/m2,
- chronické onemocnìní ledvin v dispenzarizaci, klasifikace CKD 3 - CKD 5 (resp. sníení clearance kreatininu pod 60 ml/min, vèetnì dialyzovanıch osob),
- jaterní cirhóza,
- diabetes mellitus léèenı PAD èi inzulínem,
- chronické plicní onemocnìní v dispenzarizaci a léèbì specialisty (neuvedené ve skupinì C.),
- plicní hypertenze,
- obstrukèní a centrální spánková apnoe,
- trombofilní stav v dispenzární péèi, zejména primární trombofilie D68.5 (rezistence aktivovaného proteinu C, nedostatek antitrombinu, proteinu C nebo proteinu S, mutace protrombinového genu); jiné trombofilie D68.6 (antikardiolipinovı syndrom, antifosfolipidovı syndrom, pøítomnı lupus koagulant); opakovaná tromboembolická pøíhoda v anamnéze, nebo
- neurologické onemocnìní ovlivòující dıchání.
Kontraindikací podání léèivého pøípravku LAGEVRIO je tìhotenství, kojení a hypersenzitivita na léèivou látku nebo na kteroukoliv pomocnou látku.";Poskytovatelé zdravotních slueb formou ambulantní a lùkové péèe.;Merck Sharp & Dohme s.r.o., Na Valentince 3336/4, 150 00, Praha;;Merck Sharp & Dohme s.r.o., Na Valentince 3336/4, 150 00, Praha 5;Merck Sharp & Dohme B.V., Waarderweg 39, 2031 BN Haarlem, Nizozemsko
0278742;06.02.2026;31.01.2028;5280;Zajištìní pokraèování léèby ètyø pacientù léèivım pøípravkem VYONDYS 53 (golodirsen) s Duchennovou svalovou dystrofií (DMD), u nich byla potvrzena mutace genu DMD s delecemi pøístupnımi pøeskoèení exonu 53, a kteøí se úèastnili klinického hodnocení EudraCT Number 2017-004625-32 (3 pacienti) a klinického hodnocení EudraCT Number 2015-002069-52 (1 pacient).;Klinika dìtské neurologie 2. LF UK a FN Motol, Fakultní nemocnice Motol a Homolka, Pracovištì MOTOL, V Úvalu 84/1, 150 00 Praha 5.;BioMedica EE s.r.o. o., P.V. Rovnianka 5136/11, Martin, 03601, Slovensko;Vzhledem k tomu, e na obalu léèivého pøípravku je uveden 2D kód, kterı není jedineènım identifikátorem ve smyslu naøízení Komise v pøenesené pravomoci (EU) 2016/161 ze dne 2. øíjna 2015, kterım se doplòuje smìrnice Evropského parlamentu a Rady 2001/83/ES, stanovením podrobnıch pravidel pro ochranné prvky uvedené na obalu humánních léèivıch pøípravkù (dále jen naøízení o ochrannıch prvcích), je vıdej léèivého pøípravku monı bez ovìøení tohoto 2D kódu.;BioMedica EE s.r.o. o., P.V. Rovnianka 5136/11, Martin, 03601, Slovensko;Sarepta Therapeutics, Inc., 215 First Street, Cambridge, MA 02142 USA
0278743;06.02.2026;31.01.2028;4020;Zajištìní pokraèování léèby dvou dìtskıch pacientù léèivım pøípravkem AMONDYS 45 (kasimersen) s Duchennovou svalovou dystrofií (DMD), u nich byla potvrzena mutace genu DMD s delecemi pøístupnımi pøeskoèení exonu 45, a kteøí se úèastnili klinického hodnocení EudraCT Number 2017-004625-32.;Klinika dìtské neurologie 2. LF UK a FN Motol, Fakultní nemocnice Motol a Homolka, Pracovištì MOTOL, V Úvalu 84/1, 150 00 Praha 5.;BioMedica EE s.r.o., P.V. Rovnianka 5136/11, 03601 Martin, Slovensko;Vzhledem k tomu, e na obalu léèivého pøípravku je uveden 2D kód, kterı není jedineènım identifikátorem ve smyslu naøízení Komise v pøenesené pravomoci (EU) 2016/161 ze dne 2. øíjna 2015, kterım se doplòuje smìrnice Evropského parlamentu a Rady 2001/83/ES, stanovením podrobnıch pravidel pro ochranné prvky uvedené na obalu humánních léèivıch pøípravkù (dále jen naøízení o ochrannıch prvcích), je vıdej léèivého pøípravku monı bez ovìøení tohoto 2D kódu.;BioMedica EE s.r.o., P.V. Rovnianka 5136/11, 03601 Martin, Slovensko;Sarepta Therapeutics, Inc., 215 First Street, MA 02142 Cambridge, USA
0279068;30.03.2026;31.03.2028;4000;Zabezpeèení léèivého pøípravku s léèivou látkou ethambutol pro léèbu plicní nebo mimoplicní tuberkulózy a pro léèbu netuberkulózních mykobakterióz u dospìlıch a dìtí od 3 mìsícù vìku. Pøi pouití ethambutolu by mìly bıt dodrovány obecnì uznávané pokyny pro vhodné pouití antimikrobiální látek, speciálnì pro pouití antimikrobiálních látek urèenıch k léèbì tuberkulózy a netuberkulózních mykobakterióz.;poskytovatelé zdravotních slueb formou ambulantní a lùkové péèe v oborech infekèní lékaøství, pneumologie a ftizeologie, dìtská pneumologie;Olikla s.r.o., Námìstí Smiøickıch 42, 281 63 Kostelec nad Èernımi lesy;;Olikla s.r.o., Námìstí Smiøickıch 42, 281 63 Kostelec nad Èernımi lesy;Teofarma S.r.l., Via F.lli Cervi, 8, 27010 Valle Salimbene (PV), Itálie
0279177;30.04.2026;31.05.2027;4130;Pøípravek FOLINATO CÁLCICO NORMON je urèen ke zmírnìní toxickıch úèinkù a neutralizaci pùsobení antagonistù kyseliny listové, jako je methotrexát pøi cytotoxické léèbì a pøedávkování u dospìlıch i dìtí (ochranná léèba kalcium-folinátem) a v kombinaci s 5-fluoruracilem pøi cytotoxické léèbì u dospìlıch. Program je urèen pro doprodej balení pøípravku dodanıch do Èeské republiky v rámci specifického léèebného programu è.j. MZDR 9096/2024-2/OLZP.;Poskytovatelé zdravotních slueb formou ambulantní a lùkové péèe v oborech hematologie a transfuzní lékaøství, dìtská onkologie a hematologie, klinická onkologie, dìtská onkologie a hematologie, radiaèní onkologie a onkogynekologie.;Teva Pharmaceuticals CR, s.r.o., Radlická 3185/1c, 150 00 Praha 5;;Teva Pharmaceuticals CR, s.r.o., Radlická 3185/1c, 150 00 Praha 5;LABORATORIOS NORMON, S.A., Ronda de Valdecarrizo 6, 28760 Tres Cantos - Madrid, Španìlsko
0279528;31.05.2024;30.06.2027;2700;Zajištìní léèivého pøípravku s léèivou látkou epirubicin pro léèbu øady nádorovıch onemocnìní, vèetnì karcinomu prsu, pokroèilého ovariálního karcinomu, karcinomu aludku a malobunìèného karcinomu plic. Pøi intravezikálním podání byl pøínos epirubicinu prokázán v léèbì papilárního karcinomu moèového mìchıøe z pøechodnıch bunìk, karcinomu moèového mìchıøe in situ, profylaxi recidiv povrchového karcinomu moèového mìchıøe po jeho transuretrální resekci. Bezpeènost a úèinnost epirubicinu u dìtí nebyla stanovena.;Poskytovatelé zdravotních slueb formou ambulantní a lùkové péèe se specializací v oborech hematologie a transfuzní lékaøství, dìtská onkologie a hematologie, klinická onkologie, radiaèní onkologie a onkogynekologie.;"- PHOENIX lékárenskı velkoobchod, s.r.o., K pérovnì 945/7, Hostivaø, 102 00 Praha 10,
- PHARMOS, a.s., Tìšínská 1349/296, Radvanice, 716 00 Ostrava.
";V souladu s tímto rozhodnutím je léèivı pøípravek moné distribuovat do 31. 12. 2024. Léèivı pøípravek dodanı do lékáren je moné vydávat a pouívat pøi poskytování zdravotních slueb po dobu jeho doby pouitelnosti.;Medac Gesellschaft für klinische Spezialpräparate m.b.H., Theaterstr. 6, 22880 Wedel, Spolková republika Nìmecko;Medac Gesellschaft für klinische Spezialpräparate m.b.H., Theaterstr. 6, 22880 Wedel, Spolková republika Nìmecko
0279612;01.10.2024;30.09.2026;240;Zpøístupnìní léèivého pøípravku AUGTYRO pro léèbu dospìlıch a dìtí od 12 let vìku s NTRK-pozitivními nádory, u nich došlo k vyèerpání dostupné léèby alespoò jedním registrovanım TKI NTRK inhibitorem, jejich vıkonnostní stav je dobrı (ECOG PS [(Eastern Cooperative Oncology Group Performance Status] 0-2) a pøedpokládaná doba pøeití je alespoò 3 mìsíce.;"Centra vysoce specializované onkologické péèe pro dospìlé:
-Fakultní nemocnice Královské Vinohrady, Šrobárova 1150/50, 100 34 Praha 10,
-Fakultní nemocnice Hradec Králové, Sokolská 581, 500 05 Hradec Králové,
-Fakultní nemocnice Plzeò, Dr. Edvarda Beneše 1128/13, 305 99 Plzeò,
-Nemocnice Èeské Budìjovice, a.s., Boeny Nìmcové 585/54, 370 01 Èeské Budìjovice,
-Fakultní nemocnice Olomouc, I. P. Pavlova 6, 775 20 Olomouc,
-Fakultní nemocnice Ostrava, 17. listopadu 1790, 708 52 Ostrava ? Poruba;
-Nemocnice Novı Jièín, a.s., Purkyòova 2138/16, 741 01 Novı Jièín,
-Krajská nemocnice Liberec, a.s., Husova 357/10, 460 01 Liberec I ? Staré mìsto;
-Krajská zdravotní, a.s., Sociální péèe 3316/12A, 401 13 Ústí nad Labem; s místem poskytování zdravotních slueb: V Podhájí 21, 401 13 Ústí nad Labem a Nemocnice Chomutov, Kochova 1185, 403 12 Chomutov;
-Nemocnice Jihlava, pøíspìvková organizace, Vrchlického 59, 586 01 Jihlava,
-Krajská nemocnice T. Bati, a.s., Havlíèkovo nábøeí 600, 762 75 Zlín,
-Fakultní Nemocnice Bulovka, Budínova 67/2, 180 81 Praha 8, ve spolupráci s Všeobecnou fakultní nemocnicí v Praze, U Nemocnice 499/2, 128 08 Praha 2 a Fakultní Thomayerovou nemocnicí, Vídeòská 800/5, 140 59 Praha 4;
-Fakultní nemocnice v Motole, V Úvalu 84, 150 06 Praha 5 ve spolupráci s Ústøední vojenskou nemocnicí, U Vojenské nemocnice 1200, 162 00 Praha 6, Nemocnicí na Homolce, Roentgenova 2/37, 150 30 Praha 5 a Proton Therapy Center, Budínova 2437/1a, 180 00 Praha 8,
-Masarykùv onkologickı ústav, lutı kopec 543/7, 656 53 Brno, ve spolupráci s Fakultní nemocnicí Brno, Jihlavská 20, 625 00 Brno a Fakultní nemocnicí u sv. Anny v Brnì, Pekaøská 664/53, 656 91 Brno;
-Pardubická krajská nemocnice, a.s., Kyjevská 44, 530 03 Pardubice, ve spolupráci s Radiologickım centrem spoleènosti Multiscan, s.r.o., Okruhová 1135/44,155 00 Praha 5.

Centra vysoce specializované onkologické péèe pro dìti:
-Fakultní nemocnice v Motole, V Úvalu 84, 150 06 Praha 5,
-Fakultní nemocnice Brno, Jihlavská 20, 625 00 Brno.";Bristol-Myers Squibb spol. s r.o., Budìjovická 778/3, 140 00 Praha 4;;Bristol-Myers Squibb spol. s r.o., Budìjovická 778/3, 140 00 Praha 4;Bristol Myers Squibb, External Manufacturing, 1 Squibb Drive New Brunswick, NJ 08901, USA
0279612;25.06.2024;30.06.2026;260;Zpøístupnìní léèivého pøípravku AUGTYRO pro léèbu dospìlıch pacientù s ROS1-pozitivním nemalobunìènım karcinomem plic (dále také jen NSCLC), u nich došlo k vyèerpání dostupné léèby alespoò jedním registrovanım TKI ROS1 inhibitorem, jejich vıkonnostní stav je dobrı (ECOG PS [(Eastern Cooperative Oncology Group Performance Status] 0-2) a pøedpokládaná doba pøeití je alespoò 3 mìsíce.;"Centra vysoce specializované onkologické péèe pro dospìlé:
- Fakultní nemocnice Královské Vinohrady, Šrobárova 1150/50, 100 34 Praha 10,
- Fakultní nemocnice Hradec Králové, Sokolská 581, 500 05 Hradec Králové,
- Fakultní nemocnice Plzeò, Dr. Edvarda Beneše 1128/13, 305 99 Plzeò,
- Nemocnice Èeské Budìjovice, a.s., Boeny Nìmcové 585/54, 370 01 Èeské Budìjovice,
- Fakultní nemocnice Olomouc, I. P. Pavlova 6, 775 20 Olomouc,
- Fakultní nemocnice Ostrava, 17. listopadu 1790, 708 52 Ostrava ? Poruba;
- Nemocnice Novı Jièín, a.s., Purkyòova 2138/16, 741 01 Novı Jièín,
- Krajská nemocnice Liberec, a.s., Husova 357/10, 460 01 Liberec I - Staré mìsto;
- Krajská zdravotní, a.s., Sociální péèe 3316/12A, 401 13 Ústí nad Labem; s místem poskytování zdravotních slueb: V Podhájí 21, 401 13 Ústí nad Labem a Nemocnice Chomutov, Kochova 1185, 403 12 Chomutov;
- Nemocnice Jihlava, pøíspìvková organizace, Vrchlického 59, 586 01 Jihlava,
- Krajská nemocnice T. Bati, a.s., Havlíèkovo nábøeí 600, 762 75 Zlín,
- Fakultní Nemocnice Bulovka, Budínova 67/2, 180 81 Praha 8, ve spolupráci s Všeobecnou fakultní nemocnicí v Praze, U Nemocnice 499/2, 128 08 Praha 2 a Fakultní Thomayerovou nemocnicí, Vídeòská 800/5, 140 59 Praha 4;
- Fakultní nemocnice v Motole, V Úvalu 84, 150 06 Praha 5 ve spolupráci s Ústøední vojenskou nemocnicí, U Vojenské nemocnice 1200, 162 00 Praha 6, Nemocnicí na Homolce, Roentgenova 2/37, 150 30 Praha 5 a Proton Therapy Center, Budínova 2437/1a, 180 00 Praha 8,
- Masarykùv onkologickı ústav, lutı kopec 543/7, 656 53 Brno, ve spolupráci s Fakultní nemocnicí Brno, Jihlavská 20, 625 00 Brno a Fakultní nemocnicí u sv. Anny v Brnì, Pekaøská 664/53, 656 91 Brno;
- Pardubická krajská nemocnice, a.s., Kyjevská 44, 530 03 Pardubice, ve spolupráci s Radiologickım centrem spoleènosti Multiscan, s.r.o., Okruhová 1135/44,155 00 Praha 5;";Bristol-Myers Squibb spol. s r.o., Budìjovická 778/3, 140 00 Praha 4;;Bristol-Myers Squibb spol. s r.o., Budìjovická 778/3, 140 00 Praha 4.;Bristol Myers Squibb, External Manufacturing, 1 Squibb Drive New Brunswick, NJ 08901, USA
0279834;14.08.2024;31.10.2027;135;Zajištìní pokraèování léèby sparsentanem u pacientù s IgA nefropatií, kteøí se úèastnili klinického hodnocení EudraCT Number 2017-004605-41 a mìli z léèby prospìch, po ukonèení tohoto klinického hodnocení.;"-Klinika nefrologie, Všeobecná fakultní nemocnice v Praze, U nemocnice 499/2, 128 08 Praha 2,
-Interní klinika, Fakultní nemocnice Královské Vinohrady, Šrobárova 50, 100 34 Praha 10.";"Distributor (sídlo): Marken Germany GmbH, Grossmooring 4, 21079 Hamburg, Nìmecko;
Distributor (sklad): Marken Germany GmbH, Mönchhofallee 13, 65451 Kelsterbach, Nìmecko.";;Vifor (International) Ltd, Rechenstrasse 37, 9001 St. Gallen, Švıcarsko.;Catalent CTS, Hickman Mills Drive 10245, Kansas City, MO 64137, USA
0279835;14.08.2024;31.10.2027;312;Zajištìní pokraèování léèby sparsentanem u pacientù s IgA nefropatií, kteøí se úèastnili klinického hodnocení EudraCT Number 2017-004605-41 a mìli z léèby prospìch, po ukonèení tohoto klinického hodnocení.;"-Klinika nefrologie, Všeobecná fakultní nemocnice v Praze, U nemocnice 499/2, 128 08 Praha 2,
-Interní klinika, Fakultní nemocnice Královské Vinohrady, Šrobárova 50, 100 34 Praha 10.";"Distributor (sídlo): Marken Germany GmbH, Grossmooring 4, 21079 Hamburg, Nìmecko;
Distributor (sklad): Marken Germany GmbH, Mönchhofallee 13, 65451 Kelsterbach, Nìmecko.";;Vifor (International) Ltd, Rechenstrasse 37, 9001 St. Gallen, Švıcarsko.;Catalent CTS, Hickman Mills Drive 10245, Kansas City, MO 64137, USA
0280325;18.06.2025;30.06.2026;1000;Zajištìní dostupnosti léèivého pøípravku s léèivou látkou racemickı lysin-acetylsalicylát pro léèbu akutní koronární pøíhody (akutní infarkt myokardu a nestabilní angina pectoris) jako zahajovací dávky, zejména v pøípadech, kdy není moné perorální podání. Léèivı pøípravek je urèen pro dospìlé pacienty.;Poskytovatelé zdravotních slueb formou ambulantní a lùkové péèe a poskytovatelé zdravotnické záchranné sluby;"J.J. BISHOP HEALTH a.s., Rybná 682/14, Staré Mìsto, 110 00 Praha 1 (sídlo); J. J. BISHOP HEALTH a.s., Voická 605, 390 02 Tábor (sklad)";V souladu s tímto rozhodnutím je léèivı pøípravek moné distribuovat do 31. 12. 2025. Léèivı pøípravek dodanı do lékáren je moné vydávat a pouívat pøi poskytování zdravotních slueb po dobu jeho doby pouitelnosti, nejdéle však do 30. 6. 2026.;PANPHARMA, Z.I du Clairay, 35133 Luitré, Francie;Panpharma, 10 rue du Chenot, Parc d?Activité du Chenot, 56380 Beignon, Francie
0280325;16.10.2024;31.05.2027;1320;Zajištìní dostupnosti léèivého pøípravku s léèivou látkou racemickı lysin-acetylsalicylát pro léèbu akutní koronární pøíhody (akutní infarkt myokardu a nestabilní angina pectoris) jako zahajovací dávky, zejména v pøípadech, kdy není moné perorální podání. Léèivı pøípravek je urèen pro dospìlé pacienty.;Poskytovatelé zdravotních slueb formou ambulantní a lùkové péèe a poskytovatelé zdravotnické záchranné sluby.;"J.J. BISHOP HEALTH a.s., Rybná 682/14, Staré Mìsto, 110 00 Praha 1 (sídlo); J. J. BISHOP HEALTH a.s., Voická 605, 390 02 Tábor (sklad)";V souladu s tímto rozhodnutím je léèivı pøípravek moné distribuovat do 31. kvìtna 2025. Léèivı pøípravek dodanı do lékáren je moné vydávat a pouívat pøi poskytování zdravotních slueb po dobu jeho doby pouitelnosti.;PANPHARMA, se sídlem ZI du Clairay Luitré, 35133 Luitré-Dompierre, Francie;Panpharma, Parc d Activité du Chenot, 10 rue du Chenot, 56380 Beignon, Francie
0280363;31.10.2024;31.10.2026;100;Léèivı pøípravek je urèen pacientùm starším 18 let k diagnostickému hodnocení funkce kùry nadledvin k lokalizaci hyperfunkèní tkánì (hyperplázie nebo adenomu), které povede k zpøesnìní diagnózy poruchy nadledvin, odlišení maligních a benigních loiskovıch lézí nadledvin èi identifikace stranové asymetrie hormonální produkce kùry nadledvin.;Kliniky (oddìlení) nukleární medicíny poskytovatelù zdravotních slueb formou ambulantní nebo lùkové péèe s pøístrojovım vybavením pro scintigrafické zobrazování.;KC SOLID, spol. s r.o., se sídlem Míru 16, Støed, 337 01 Rokycany;;Èeská lékaøská spoleènost Jana Evangelisty Purkynì, Sokolská 490/31, 120 00 Praha 2;Institute of Isotopes Co. Ltd., Konkoly-Thege Miklós út 29-33, 1121 Budapest, Maïarsko
0280542;06.12.2024;31.12.2026;184;Zpøístupnìní léèivého pøípravku REVCOVI pro léèbu pediatrickıch a dospìlıch pacientù s tìkou kombinovanou imunodeficiencí adenosindeaminázy (ADA-SCID).;Centrum vysoce specializované péèe pro vzácná autoimunní a imunodeficientní onemocnìní ? Fakultní nemocnice v Motole, V Úvalu 84, 150 06 Praha 5.;Komtur Pharmaceuticals Czech s.r.o., Za Poøíèskou bránou 365/21, Karlín, 186 00 Praha 8.;Vzhledem k tomu, e na obalu léèivého pøípravku je uveden 2D kód, kterı není jedineènım identifikátorem ve smyslu naøízení Komise v pøenesené pravomoci (EU) 2016/161 ze dne 2. øíjna 2015, kterım se doplòuje smìrnice Evropského parlamentu a Rady 2001/83/ES, stanovením podrobnıch pravidel pro ochranné prvky uvedené na obalu humánních léèivıch pøípravkù (dále jen ?naøízení o ochrannıch prvcích?), je vıdej léèivého pøípravku monı bez ovìøení tohoto 2D kódu.;ExCEEd Orphan s.r.o., Bucharova 2657/12, Stodùlky, 158 00 Praha 5;"Chiesi USA, Inc. Cary, NC 27518, USA, U.S. License No. 2150 at Exelead Inc.,
6925 Guion Rd, Indianapolis, IN 46268, USA"
0282567;25.11.2024;30.11.2026;1400;Zajištìní léèivého pøípravku s léèivou látkou nimodipin pro parenterální podání k prevenci a léèbì ischemickıch poruch centrálního nervového systému vznikajících v dùsledku cerebrálního vazospasmu po subarachnoidálním krvácení u dospìlıch pacientù.;Poskytovatelé zdravotních slueb formou lùkové péèe.;AV Medical CZ s.r.o., Dobronická 1257, 148 00 Praha 4;;AV Medical CZ s.r.o., Dobronická 1257, 148 00 Praha 4;Solupharm pharmazeutische Erzeugnisse GmbH, Industriestraße 3, 342 12 Melsungen, Nìmecko
0284235;03.01.2025;31.12.2026;4000;Zajištìní dostupnosti léèivého pøípravku s léèivou látkou streptomycin-sulfát v lékové formì pro parenterální podání pro léèbu mykobakteriálních infekcí u dospìlıch a dìtskıch pacientù, a to zejména pøi recidivách plicní tuberkulózy (Mycobacterium tuberculosis), u rezistentní formy plicní tuberkulózy (Mycobacterium tuberculosis), u mimoplicní formy tuberkulózy (zejména tuberkulóza CNS ? bazilární meningitida), selhání jater pøi léèbì jinımi antituberkulotiky a u torpidní, rezistentní nebo recidivující formy plicní netuberkulózní mykobakteriózy (Mycobacterium avium).;Poskytovatelé zdravotních slueb formou lùkové péèe;ARDEZ Pharma, spol. s r.o., V Borovièkách 278, 252 26 Kosoø;;ARDEZ Pharma, spol. s r.o., V Borovièkách 278, 252 26 Kosoø;Laboratorio Reig Jofré, S.A., Avda Gran Capita, 10, 08970 Sant Joan Despí, Barcelona, Španìlsko
0284387;07.01.2025;31.12.2028;200;Zabezpeèení pohotovostní státní zásoby léèivého pøípravku pro léèbu akutní chøipky u dospìlıch a dìtí starších 6 mìsícù.;Poskytovatelé zdravotních slueb formou ambulantní nebo lùkové péèe - koordinace léèebného programu: Toxikologické informaèní støedisko Kliniky pracovního lékaøství Všeobecné fakultní nemocnice v Praze.;PHOENIX lékárenskı velkoobchod s.r.o., K Pérovnì 945/7, 102 00 Praha 10;;Všeobecná fakultní nemocnice v Praze, U Nemocnice 499/2, 128 08 Praha 2;"BioCryst Pharmaceuticals, 4505 Emperor Blvd., Suite 200
Durham, North Carolina 27703, Spojené státy americké"
0284404;15.01.2025;31.01.2027;120000;Zajištìní léèivého pøípravku s léèivou látkou propranolol-hydrochlorid k léèbì dospìlıch pacientù s esenciálním tremorem.;Poskytovatelé zdravotních slueb formou ambulantní a lùkové péèe se specializací v oboru neurologie.;"-PHOENIX lékárenskı velkoobchod, s.r.o., K Pérovnì 945/7, Hostivaø, 102 00 Praha 10;
-PHARMOS, a.s., Tìšínská 1349/296, Radvanice, 716 00 Ostrava;
-ViaPharma s.r.o., Na Florenci 2116/15, Nové Mìsto, 110 00 Praha 1;
-Alliance Healthcare s.r.o., Podle Trati 624/7, 108 00 Praha 10 ? Malešice.";;STADA PHARMA CZ, s.r.o., Siemensova 2717/4, 155 00 Praha 5;Tillomed Laboratories Ltd., Butterfield 220, Great Marlings, Luton LU2 8DL, Velká Británie
0284405;15.01.2025;31.01.2027;120000;Zajištìní léèivého pøípravku s léèivou látkou propranolol-hydrochlorid k léèbì dospìlıch pacientù s esenciálním tremorem.;Poskytovatelé zdravotních slueb formou ambulantní a lùkové péèe se specializací v oboru neurologie.;"-PHOENIX lékárenskı velkoobchod, s.r.o., K Pérovnì 945/7, Hostivaø, 102 00 Praha 10;
-PHARMOS, a.s., Tìšínská 1349/296, Radvanice, 716 00 Ostrava;
-ViaPharma s.r.o., Na Florenci 2116/15, Nové Mìsto, 110 00 Praha 1;
-Alliance Healthcare s.r.o., Podle Trati 624/7, 108 00 Praha 10 ? Malešice.";;STADA PHARMA CZ, s.r.o., Siemensova 2717/4, 155 00 Praha 5;Tillomed Laboratories Ltd., Butterfield 220, Great Marlings, Luton LU2 8DL, Velká Británie
0284659;12.02.2025;31.08.2027;5000;Zabezpeèení léèivého pøípravku s kombinací léèivıch látek artikain-hydrochlorid a epinefrin-tartarát v lékové formì injekèního roztoku indikovaného u dospìlıch, dospívajících a dìtí od 4 let vìku k lokální anestezii (infiltraèní anestézie a svodná anestézie) ve stomatologii.;Poskytovatelé zdravotních slueb formou ambulantní a lùkové péèe v oboru zubní lékaøství, orální a maxilofaciální chirurgie.;Akacia Group, s.r.o., Na Farkánì I 136/17, Radlice, 150 00 Praha 5;V souladu s tímto rozhodnutím je léèivı pøípravek moné distribuovat do 31. 8. 2025. Léèivı pøípravek dodanı do lékáren je moné vydávat a pouívat pøi poskytování zdravotních slueb po dobu jeho doby pouitelnosti.;Topdental Èesko s.r.o., se sídlem U gymnázia 1234/3, Nusle, 140 00 Praha 4, IÈO: 099 62 981;Pierrel S.p.A., Strada Statale Appia, 7 BIS 46/48, 81043 Capua (CE), Itálie
0284660;12.02.2025;31.08.2027;10000;Zabezpeèení léèivého pøípravku s kombinací léèivıch látek artikain-hydrochlorid a epinefrin-tartarát v lékové formì injekèního roztoku indikovaného u dospìlıch, dospívajících a dìtí od 4 let vìku k lokální anestezii (infiltraèní anestézie a svodná anestézie) ve stomatologii.;Poskytovatelé zdravotních slueb formou ambulantní a lùkové péèe v oboru zubní lékaøství, orální a maxilofaciální chirurgie.;Akacia Group, s.r.o., Na Farkánì I 136/17, Radlice, 150 00 Praha 5;V souladu s tímto rozhodnutím je léèivı pøípravek moné distribuovat do 31. 8. 2025. Léèivı pøípravek dodanı do lékáren je moné vydávat a pouívat pøi poskytování zdravotních slueb po dobu jeho doby pouitelnosti.;Topdental Èesko s.r.o., se sídlem U gymnázia 1234/3, Nusle, 140 00 Praha 4, IÈO: 099 62 981;Pierrel S.p.A., Strada Statale Appia, 7 BIS 46/48, 81043 Capua (CE), Itálie
0284661;10.02.2025;28.02.2027;8000;Zajištìní léèivého pøípravku s léèivou látkou retinol-palmitát pro perorální podání k léèbì hypovitaminózy A.;Poskytovatelé zdravotních slueb formou ambulantní a lùkové péèe.;AV Medical CZ s.r.o., Dobronická 1257, 148 00 Praha 4;;AV Medical CZ s.r.o., Dobronická 1257, 148 00 Praha 4;BIOEXTRA Zrt. Váci út 33, 1134 Budapeš, Maïarsko
0284825;28.03.2025;30.06.2030;15000;"Léèivı pøípravek PERITOL je indikován u dìtí od 2 let vìku, dospívajících a dospìlıch k léèbì:
-Alergickıch onemocnìní, zejména tìch, která jsou doprovázena svìdìním, napø. akutní a chronická kopøivka, angioedém, léková vyráka, ekzém, dermatitida pøi ekzému, kontaktní dermatitida, neurodermatitida, alergická rıma, vazomotorická rıma, sérová nemoc, lokální alergické reakce po bodnutí hmyzem;
-Cévních bolestí hlavy (migréna, histamin dependentní bolest);
-Mentální anorexie (anorexia nervosa).
";Poskytovatelé zdravotních slueb formou ambulantní a lùkové péèe.;LERAM s.r.o., Páteøní 1216/7, 635 00 Brno;V souladu s tímto rozhodnutím je léèivı pøípravek moné distribuovat do 30. 6. 2027. Léèivı pøípravek dodanı do lékáren je moné vydávat a pouívat pøi poskytování zdravotních slueb po dobu jeho doby pouitelnosti.;LERAM s.r.o., Páteøní 1216/7, 635 00 Brno;Egis Pharmaceuticals PLC., Mátyás király u. 65, 9900 Körmend, Maïarsko
0284904;29.04.2025;30.04.2029;120;Zajištìní pohotovostní zásoby léèivého pøípravku pro léèbu akutní intoxikace jedem zmije obecné (Vipera berus), zmije skvrnité (Vipera aspis) a zmije rùkaté (Vipera ammodytes).;Poskytovatelé zdravotních slueb formou ambulantní a lùkové péèe (koordinace léèebného programu: Toxikologické informaèní støedisko Kliniky pracovního lékaøství Všeobecné fakultní nemocnice v Praze a 1. lékaøské fakulty Univerzity Karlovy, Na Bojišti 1, 120 00 Praha 2).;PHOENIX lékárenskı velkoobchod, s.r.o., K pérovnì 945/7, Hostivaø, 102 00 Praha 10;;Všeobecná fakultní nemocnice v Praze, U Nemocnice 499/2, 128 08 Praha 2;Inresa Arzneimittel GmbH, Obere Hardtstrasse 18, Freiburg, Baden-Wuerttemberg, 79114 Nìmecko
0284964;17.04.2026;30.04.2031;1800;"Léèivı pøípravek AMBISOME LIPOSOMAL AMPHOTERICIN B 50MG je indikován u dospìlıch pacientù a dìtí od 1 mìsíce vìku k:
- léèbì systémovıch mykotickıch infekcí zpùsobenıch organismy citlivımi na amfotericin B, jako jsou kryptokokóza, severoamerická blastomykóza, diseminovaná kandidóza, kokcidioidomykóza, aspergilóza, histoplazmóza, mukormykóza a k léèbì nìkterıch pøípadù americké mukokutánní leishmaniózy,
- léèbì horeèky neznámého pùvodu (fever of unknown origin, FUO) u neutropenickıch pacientù (pøed zahájením léèby tímto léèivım pøípravkem by mìly bıt jako pøíèiny FUO vylouèeny bìné virové, parazitární nebo mykobakteriální infekce),
- primární léèbì viscerální leishmaniózy u imunokompetentních dospìlıch a pediatrickıch pacientù,
- primární léèbì viscerální leishmaniózy u imunokompromitovanıch pacientù (napø. HIV pozitivní pacienti).
Tento léèivı pøípravek by nemìl bıt pouíván k léèbì bìnıch klinicky inaparentních forem mykotickıch onemocnìní, u kterıch jsou pouze pozitivní koní a serologická vyšetøení. Pøedepsání a pouití léèivého pøípravku je moné pouze na základì doporuèení antibiotického støediska.";Poskytovatelé zdravotních slueb formou lùkové péèe.;Gilead Sciences s.r.o., Pujmanové 1753/10a, 140 00 Praha 4 - Nusle;V souladu s tímto rozhodnutím je neregistrovanı léèivı pøípravek moné distribuovat do 30. 4. 2027. Léèivı pøípravek dodanı do lékáren je moné vydávat a pouívat pøi poskytování zdravotních slueb po dobu jeho doby pouitelnosti.;Gilead Sciences s.r.o., Pujmanové 1753/10a, 140 00 Praha 4 - Nusle;"Gilead Sciences Ireland UC, IDA Business & Technology Park,
Carrigtohill, County Cork, Irsko"
0284964;07.05.2025;30.04.2030;1700;"Léèivı pøípravek AMBISOME LIPOSOMAL AMPHOTERICIN B 50MG je indikován u dospìlıch pacientù a dìtí od 1 mìsíce vìku k:
-léèbì systémovıch mykotickıch infekcí zpùsobenıch organismy citlivımi na amfotericin B, jako jsou kryptokokóza, severoamerická blastomykóza, diseminovaná kandidóza, kokcidioidomykóza, aspergilóza, histoplazmóza, mukormykóza a k léèbì nìkterıch pøípadù americké mukokutánní leishmaniózy,
-léèbì horeèky neznámého pùvodu (fever of unknown origin, FUO) u neutropenickıch pacientù (pøed zahájením léèby tímto léèivım pøípravkem by mìly bıt jako pøíèiny FUO vylouèeny bìné virové, parazitární nebo mykobakteriální infekce),
-primární léèbì viscerální leishmaniózy u imunokompetentních dospìlıch a pediatrickıch pacientù.
-primární léèbì viscerální leishmaniózy u imunokompromitovanıch pacientù (napø. HIV pozitivní pacienti).
Tento léèivı pøípravek by nemìl bıt pouíván k léèbì bìnıch klinicky inaparentních forem mykotickıch onemocnìní, u kterıch jsou pouze pozitivní koní a serologická vyšetøení.";Poskytovatelé zdravotních slueb formou lùkové péèe.;Gilead Sciences s.r.o., Pujmanové 1753/10a, 140 00 Praha 4 ? Nusle;V souladu s tímto rozhodnutím je neregistrovanı léèivı pøípravek moné distribuovat do 30. 4. 2026. Léèivı pøípravek dodanı do lékáren je moné vydávat a pouívat pøi poskytování zdravotních slueb po dobu jeho doby pouitelnosti.;Gilead Sciences s.r.o., Pujmanové 1753/10a, 140 00 Praha 4 ? Nusle;"Gilead Sciences Ireland UC, IDA Business & Technology Park,
Carrigtohill, County Cork, Irsko"
0284966;28.05.2025;30.04.2029;25000;"Zabezpeèení léèivého pøípravku v lékové formì 0,9% infuzního roztoku chloridu sodného, kterı je indikován:
-pøi léèbì izotonické extracelulární dehydratace,
-pøi léèbì deplece sodíku
-jako rozpouštìdlo kompatibilních léèivıch pøípravkù pro parenterální podání.";Poskytovatelé zdravotních slueb formou ambulantní a lùkové péèe.;PROMEDICA PRAHA GROUP, a.s., Juárezova 1071/17, 160 00 Praha 6;"-V souladu s tímto rozhodnutím je léèivé pøípravky moné distribuovat do 30. 4. 2026. Léèivé pøípravky dodané do lékáren je moné vydávat a pouívat pøi poskytování zdravotních slueb po dobu jejich doby pouitelnosti.
-Poèet balení platí souhrnnì pro obì jazykové varianty léèivého pøípravku.";PROMEDICA PRAHA GROUP, a.s., Juárezova 1071/17, 160 00 Praha 6;POLIFARMA ILAÇ SAN. VE TIC. A.ª., Vakiflar OSB Mahallesi, Sanayi Caddesi, No:22/1, Ergene/TEKIRDAG, 59930 Turecko
0284967;28.05.2025;30.04.2029;25000;"Zabezpeèení léèivého pøípravku v lékové formì 0,9% infuzního roztoku chloridu sodného, kterı je indikován:
-pøi léèbì izotonické extracelulární dehydratace,
-pøi léèbì deplece sodíku
-jako rozpouštìdlo kompatibilních léèivıch pøípravkù pro parenterální podání.";Poskytovatelé zdravotních slueb formou ambulantní a lùkové péèe.;PROMEDICA PRAHA GROUP, a.s., Juárezova 1071/17, 160 00 Praha 6;"-V souladu s tímto rozhodnutím je léèivé pøípravky moné distribuovat do 30. 4. 2026. Léèivé pøípravky dodané do lékáren je moné vydávat a pouívat pøi poskytování zdravotních slueb po dobu jejich doby pouitelnosti.
-Poèet balení platí souhrnnì pro obì jazykové varianty léèivého pøípravku.";PROMEDICA PRAHA GROUP, a.s., Juárezova 1071/17, 160 00 Praha 6;POLIFARMA ILAÇ SAN. VE TIC. A.ª., Vakiflar OSB Mahallesi, Sanayi Caddesi, No:22/1, Ergene/TEKIRDAG, 59930 Turecko
0284968;28.05.2025;30.04.2029;55000;"Zabezpeèení léèivého pøípravku v lékové formì 0,9% infuzního roztoku chloridu sodného, kterı je indikován:
-pøi léèbì izotonické extracelulární dehydratace,
-pøi léèbì deplece sodíku
-jako rozpouštìdlo kompatibilních léèivıch pøípravkù pro parenterální podání.";Poskytovatelé zdravotních slueb formou ambulantní a lùkové péèe.;PROMEDICA PRAHA GROUP, a.s., Juárezova 1071/17, 160 00 Praha 6;"-V souladu s tímto rozhodnutím je léèivé pøípravky moné distribuovat do 30. 4. 2026. Léèivé pøípravky dodané do lékáren je moné vydávat a pouívat pøi poskytování zdravotních slueb po dobu jejich doby pouitelnosti.
-Poèet balení platí souhrnnì pro obì jazykové varianty léèivého pøípravku.";PROMEDICA PRAHA GROUP, a.s., Juárezova 1071/17, 160 00 Praha 6;POLIFARMA ILAÇ SAN. VE TIC. A.ª., Vakiflar OSB Mahallesi, Sanayi Caddesi, No:22/1, Ergene/TEKIRDAG, 59930 Turecko
0284969;28.05.2025;30.04.2029;55000;"Zabezpeèení léèivého pøípravku v lékové formì 0,9% infuzního roztoku chloridu sodného, kterı je indikován:
-pøi léèbì izotonické extracelulární dehydratace,
-pøi léèbì deplece sodíku
-jako rozpouštìdlo kompatibilních léèivıch pøípravkù pro parenterální podání.";Poskytovatelé zdravotních slueb formou ambulantní a lùkové péèe.;PROMEDICA PRAHA GROUP, a.s., Juárezova 1071/17, 160 00 Praha 6;"-V souladu s tímto rozhodnutím je léèivé pøípravky moné distribuovat do 30. 4. 2026. Léèivé pøípravky dodané do lékáren je moné vydávat a pouívat pøi poskytování zdravotních slueb po dobu jejich doby pouitelnosti.
-Poèet balení platí souhrnnì pro obì jazykové varianty léèivého pøípravku.";PROMEDICA PRAHA GROUP, a.s., Juárezova 1071/17, 160 00 Praha 6;POLIFARMA ILAÇ SAN. VE TIC. A.ª., Vakiflar OSB Mahallesi, Sanayi Caddesi, No:22/1, Ergene/TEKIRDAG, 59930 Turecko
0284970;28.05.2025;30.04.2029;76000;"Zabezpeèení léèivého pøípravku v lékové formì 0,9% infuzního roztoku chloridu sodného, kterı je indikován:
-pøi léèbì izotonické extracelulární dehydratace,
-pøi léèbì deplece sodíku
-jako rozpouštìdlo kompatibilních léèivıch pøípravkù pro parenterální podání.";Poskytovatelé zdravotních slueb formou ambulantní a lùkové péèe.;PROMEDICA PRAHA GROUP, a.s., Juárezova 1071/17, 160 00 Praha 6;"-V souladu s tímto rozhodnutím je léèivé pøípravky moné distribuovat do 30. 4. 2026. Léèivé pøípravky dodané do lékáren je moné vydávat a pouívat pøi poskytování zdravotních slueb po dobu jejich doby pouitelnosti.
-Poèet balení platí souhrnnì pro obì jazykové varianty léèivého pøípravku.";PROMEDICA PRAHA GROUP, a.s., Juárezova 1071/17, 160 00 Praha 6;POLIFARMA ILAÇ SAN. VE TIC. A.ª., Vakiflar OSB Mahallesi, Sanayi Caddesi, No:22/1, Ergene/TEKIRDAG, 59930 Turecko
0284971;28.05.2025;30.04.2029;76000;"Zabezpeèení léèivého pøípravku v lékové formì 0,9% infuzního roztoku chloridu sodného, kterı je indikován:
-pøi léèbì izotonické extracelulární dehydratace,
-pøi léèbì deplece sodíku
-jako rozpouštìdlo kompatibilních léèivıch pøípravkù pro parenterální podání.";Poskytovatelé zdravotních slueb formou ambulantní a lùkové péèe.;PROMEDICA PRAHA GROUP, a.s., Juárezova 1071/17, 160 00 Praha 6;"-V souladu s tímto rozhodnutím je léèivé pøípravky moné distribuovat do 30. 4. 2026. Léèivé pøípravky dodané do lékáren je moné vydávat a pouívat pøi poskytování zdravotních slueb po dobu jejich doby pouitelnosti.
-Poèet balení platí souhrnnì pro obì jazykové varianty léèivého pøípravku.";PROMEDICA PRAHA GROUP, a.s., Juárezova 1071/17, 160 00 Praha 6;POLIFARMA ILAÇ SAN. VE TIC. A.ª., Vakiflar OSB Mahallesi, Sanayi Caddesi, No:22/1, Ergene/TEKIRDAG, 59930 Turecko
0284972;28.05.2025;30.04.2029;93200;"Zabezpeèení léèivého pøípravku v lékové formì 0,9% infuzního roztoku chloridu sodného, kterı je indikován:
-pøi léèbì izotonické extracelulární dehydratace,
-pøi léèbì deplece sodíku
-jako rozpouštìdlo kompatibilních léèivıch pøípravkù pro parenterální podání.";Poskytovatelé zdravotních slueb formou ambulantní a lùkové péèe.;PROMEDICA PRAHA GROUP, a.s., Juárezova 1071/17, 160 00 Praha 6;"-V souladu s tímto rozhodnutím je léèivé pøípravky moné distribuovat do 30. 4. 2026. Léèivé pøípravky dodané do lékáren je moné vydávat a pouívat pøi poskytování zdravotních slueb po dobu jejich doby pouitelnosti.
-Poèet balení platí souhrnnì pro obì jazykové varianty léèivého pøípravku.";PROMEDICA PRAHA GROUP, a.s., Juárezova 1071/17, 160 00 Praha 6;POLIFARMA ILAÇ SAN. VE TIC. A.ª., Vakiflar OSB Mahallesi, Sanayi Caddesi, No:22/1, Ergene/TEKIRDAG, 59930 Turecko
0284973;28.05.2025;30.04.2029;93200;"Zabezpeèení léèivého pøípravku v lékové formì 0,9% infuzního roztoku chloridu sodného, kterı je indikován:
-pøi léèbì izotonické extracelulární dehydratace,
-pøi léèbì deplece sodíku
-jako rozpouštìdlo kompatibilních léèivıch pøípravkù pro parenterální podání.";Poskytovatelé zdravotních slueb formou ambulantní a lùkové péèe.;PROMEDICA PRAHA GROUP, a.s., Juárezova 1071/17, 160 00 Praha 6;"-V souladu s tímto rozhodnutím je léèivé pøípravky moné distribuovat do 30. 4. 2026. Léèivé pøípravky dodané do lékáren je moné vydávat a pouívat pøi poskytování zdravotních slueb po dobu jejich doby pouitelnosti.
-Poèet balení platí souhrnnì pro obì jazykové varianty léèivého pøípravku.";PROMEDICA PRAHA GROUP, a.s., Juárezova 1071/17, 160 00 Praha 6;POLIFARMA ILAÇ SAN. VE TIC. A.ª., Vakiflar OSB Mahallesi, Sanayi Caddesi, No:22/1, Ergene/TEKIRDAG, 59930 Turecko
0285898;09.09.2025;31.12.2026;120;Zpøístupnìní garadacimabu k prevenci rekurentních atak hereditárního angioedému (HAE) u dospìlıch pacientù, kteøí se úèastnili klinické studie EU Number: 2024-510777-18-00 (protokol CSL312_3002), a to po jejím ukonèení. V rámci specifického léèebného programu mohou bıt léèeni pacienti, kteøí bìhem klinické studie mìli z léèby garadacimabem prospìch (tj. ádnı nebo velmi omezenı poèet atak HAE), nevyskytly se u nich klinicky vıznamné neádoucí úèinky a pokraèování léèby po ukonèení klinické studie je dle názoru ošetøujícího lékaøe pro daného pacienta nadále pøínosné.;"-Ústav klinické imunologie a alergologie, Fakultní nemocnice u sv. Anny v Brnì, Pekaøská 664/53, 602 00 Brno,
-Ústav imunologie 2. LF UK a FN Motol, Fakultní nemocnice v Motole, V Úvalu 84, 150 06 Praha 5.";WEP Clinical Ireland Ltd., Unit 17, Primeside Park, Kilshane Way, Northwest Business Park, Dublin 15, D15 EF83, Irsko;;CSL BEHRING GmbH, se sídlem Emil-von-Behring-Strasse 76, D-35041 Marburg, Nìmecko zastoupené spoleèností CSL BEHRING s.r.o., se sídlem Vyskoèilova 1461/2a, 140 00 Praha 4 - Michle;CSL Behring GmbH, Emil-von-Behring-Strasse 76, D-35041 Marburg, Nìmecko
0285950;20.10.2025;31.08.2028;3;Zabezpeèení léèivého pøípravku IRENAT TROPFEN v rámci vnitøního traumatologického plánu Jaderné elektrárny Dukovany v pøípadì radiaèní mimoøádné události jako antidota pøi intoxikaci radioaktivním jódem pøi alergii na jód.;Dümed s.r.o. (ordinace všeobecného praktického lékaøe), Dukovany 269, 675 50 Dukovany;PHOENIX lékárenskı velkoobchod, s.r.o., K pérovnì 945/7, Hostivaø, 102 00 Praha 10;;Dümed s.r.o., Sadová 423, 675 55 Hrotovice;MoNo chem-pharm Produkte GmbH, Leystraße 129, 1200 Wien, Rakousko
0285950;02.10.2025;31.07.2029;160;Zabezpeèení zásoby antidota pro léèbu osob kontaminovanıch radionuklidy v rámci Støedisek speciální zdravotní péèe o osoby ozáøené pøi radiaèních nehodách (SSZP) a v jinıch zdravotnickıch zaøízeních v Èeské republice a zabezpeèení léèivého pøípravku pro léèbu v souladu se souhrnem údajù o pøípravku pro potøebu zdravotnickıch zaøízení v Èeské republice.;"Poskytovatelé zdravotních slueb formou ambulantní nebo lùkové péèe a Støediska speciální zdravotní péèe o osoby ozáøené pøi radiaèních nehodách (SSZP). Koordinaci léèebného programu zabezpeèuje Toxikologické informaèní støedisko Kliniky pracovního lékaøství Všeobecné fakultní nemocnice v Praze.
Dle souhrnu údajù o pøípravku:
Pro léèbu hypertyreózy, pro blokování štítné lázy pøi scintigrafickém vyšetøení jinıch orgánù radioaktivnì znaèenım jódem nebo pøi imunoscintigrafii k detekci nádoru s protilátkami znaèenımi radioaktivním jódem. K detekci vrozené poruchy organifikace jódu (chloristanovı vyluèovací test). Dle souhrnu údajù o pøípravku je pøípravek urèen pro dìti a dospìlé.
Dle Pracovního postupu ? Zajištìní hospitalizace a péèe o ozáøené osoby (PP-VFN-052): Léèba vnitøní kontaminace radionuklidy jódu, podává se místo jodidu draselného u alergikù na jód.";PHOENIX lékárenskı velkoobchod, s.r.o., K Pérovnì 945/7, Hostivaø, 102 00 Praha 10;;Všeobecná fakultní nemocnice v Praze, U nemocnice 2/499, 128 08 Praha 2;MoNo chem-pharm Produkte GmbH, Leystraße 129, 1200 Wien, Rakousko
0289172;29.10.2025;31.10.2027;250;Zajištìní pokraèování léèby dìtského pacienta s metachromatickou leukodystrofií neregistrovanım léèivım pøípravkem SHP611 (HGT1110, TAK-611, rhASA), kterı uíval v rámci klinického hodnocení EU CT number 2024-514403-34-00 (èíslo protokolu HGT-MLD-071) a mìl z této léèby pøínos, po ukonèení klinického hodnocení. Léèba v rámci tohoto programu je moná do pøípadné progrese onemocnìní, neakceptovatelné toxicity nebo do odvolání souhlasu s léèbou ze strany zákonnıch zástupcù pacienta.;Klinika dìtské neurologie, Fakultní nemocnice Brno ? Dìtská nemocnice, Èernopolní 9, 613 00 Brno.;"Fisher Clinical Services GmbH, Im Wörth/3, Weil am Rhein, D-79576 Nìmecko (sídlo); Fisher Clinical Services GmbH ? Marie-Curie-Strasse 16, Rheinfelden (Baden) D-79618, Nìmecko (sklad)";;Takeda Development Center Americas, Inc., se sídlem Kendall Street 500, Cambridge, MA 02142, USA zastoupená spoleèností PPD Czech Republic, s.r.o., se sídlem Budìjovická Alej, Antala Staška 2027/79, 140 00 Praha 4, IÈO: 636 71 077;Takeda Manufacturing Austria AG, Industriestraße 67, 1221 Vienna, Rakousko
0289217;11.11.2025;31.10.2027;8000;"Zajištìní léèivého pøípravku s léèivou látkou itrakonazol v lékové formì perorálního roztoku k léèbì orální a/nebo ezofageální kandidózy u HIV pozitivních pacientù nebo jinak imunokompromitovanıch pacientù a k profylaxi hlubokıch mykotickıch infekcí, u nich se pøedpokládá citlivost na itrakonazol, pokud je standardní léèba povaována za nevhodnou; u pacientù s hematologickou malignitou nebo u pacientù podstupujících transplantaci kostní døenì, u nich se oèekává neutropenie (tj. < 500 bunìk/mikrolitr). Bezpeènost a úèinnost léèivého pøípravku Itraconazole/Kleva u dìtí nebyla stanovena. Pouití léèivého pøípravku Itraconazole/Kleva u pediatrickıch pacientù se nedoporuèuje, pokud není zjištìno, e potenciální pøínos pøevauje nad potenciálním rizikem.";Poskytovatelé zdravotních slueb formou ambulantní a lùkové péèe poskytující péèi v oborech hematologie a transfuzní lékaøství, dìtská onkologie a hematologie, infekèní lékaøství, specializované pracovištì ? transplantaèní centrum, klinická onkologie, dìtská onkologie a hematologie, radiaèní onkologie a onkogynekologie, otorinolaryngologie a chirurgie hlavy a krku, dìtská otorinolaryngologie, foniatrie.;Olikla s.r.o., Námìstí Smiøickıch 42, 281 63 Kostelec nad Èernımi lesy;;Olikla s.r.o., Námìstí Smiøickıch 42, 281 63 Kostelec nad Èernımi lesy;KLEVA Pharmaceuticals SA, 189 Parnithos Ave., 136 75 Acharnes ? Attiki, Øecko
0289243;18.11.2025;30.11.2027;72;"Zpøístupnìní léèby nerandomilastem pro pacienty starších 40 let s idiopatickou plicní fibrózou (IPF) a pro pacienty starších 18 let s progresivní plicní fibrózou (PPF) po splnìní kritérií uvedenıch v èásti 4.3. dokumentu Léèebnı plán pro perorální podávání nerandomilastu v rámci specifického léèebného programu u pacientù s IPF nebo PPF. Léèba nerandomilastem v rámci léèebného programu bude urèena pro pacienty:
-netolerující antifibrotickou léèbu nebo u kterıch je antifibrotická léèba kontraindikována, nebo
-u kterıch dochází k progresi onemocnìní pøes probíhající antifibrotickou léèbu, nebo
-k doplnìní antifibrotické léèby.";"- Pneumologická klinika 1.LF UK a FTN, Fakultní Thomayerova nemocnice, Vídeòská 800, 140 59 Praha 4 - Krè,
- I. klinika tuberkulózy a respiraèních nemocí, Všeobecná fakultní nemocnice v Praze, U Nemocnice 499/2, 128 08 Praha 2,
- Klinika pneumologie FNB a 3. LF UK, Fakultní nemocnice Bulovka, Budínova 67/2, 180 81 Praha 8 - Libeò,
- Klinika pneumologie a ftizeologie, Fakultní nemocnice Plzeò, Edvarda Beneše 1128/13, 301 00 Plzeò-Bory,
- Plicní klinika, Fakultní nemocnice Hradec Králové, Sokolská 581, 500 05 Hradec Králové - Novı Hradec,
- Klinika plicních nemocí a tuberkulózy, Fakultní nemocnice Olomouc, Zdravotníkù 248/7, 779 00 Olomouc,
- Klinika nemocí plicních a TBC, Fakultní nemocnice Brno, Jihlavská 20, 625 00 Brno,
- Plicní oddìlení, Nemocnice Jihlava, pøíspìvková organizace, Vrchlického 59, 586 01 Jihlava.";Almac Clinical Services Limited, 9 Charlestown Road, Seagoe Industrial Estate, Craigavon, BT63 5PW Velká Británie.;;Binger Strasse 173, 55216 Ingelheim am Rhein, Nìmecko zastoupené spoleèností Boehringer Ingelheim, spol. s r.o., se sídlem Purkyòova 2121/3, Nové Mìsto, 110 00 Praha 1;Boehringer Ingelheim Pharma GmbH & Co KG, Birkendorfer Strasse 65, 88397 Biberach an der Riss, Nìmecko
0289244;18.11.2025;30.11.2027;700;"Zpøístupnìní léèby nerandomilastem pro pacienty starších 40 let s idiopatickou plicní fibrózou (IPF) a pro pacienty starších 18 let s progresivní plicní fibrózou (PPF) po splnìní kritérií uvedenıch v èásti 4.3. dokumentu Léèebnı plán pro perorální podávání nerandomilastu v rámci specifického léèebného programu u pacientù s IPF nebo PPF. Léèba nerandomilastem v rámci léèebného programu bude urèena pro pacienty:
-netolerující antifibrotickou léèbu nebo u kterıch je antifibrotická léèba kontraindikována, nebo
-u kterıch dochází k progresi onemocnìní pøes probíhající antifibrotickou léèbu, nebo
-k doplnìní antifibrotické léèby.";"- Pneumologická klinika 1.LF UK a FTN, Fakultní Thomayerova nemocnice, Vídeòská 800, 140 59 Praha 4 - Krè,
- I. klinika tuberkulózy a respiraèních nemocí, Všeobecná fakultní nemocnice v Praze, U Nemocnice 499/2, 128 08 Praha 2,
- Klinika pneumologie FNB a 3. LF UK, Fakultní nemocnice Bulovka, Budínova 67/2, 180 81 Praha 8 - Libeò,
- Klinika pneumologie a ftizeologie, Fakultní nemocnice Plzeò, Edvarda Beneše 1128/13, 301 00 Plzeò-Bory,
- Plicní klinika, Fakultní nemocnice Hradec Králové, Sokolská 581, 500 05 Hradec Králové - Novı Hradec,
- Klinika plicních nemocí a tuberkulózy, Fakultní nemocnice Olomouc, Zdravotníkù 248/7, 779 00 Olomouc,
- Klinika nemocí plicních a TBC, Fakultní nemocnice Brno, Jihlavská 20, 625 00 Brno,
- Plicní oddìlení, Nemocnice Jihlava, pøíspìvková organizace, Vrchlického 59, 586 01 Jihlava.";Almac Clinical Services Limited, 9 Charlestown Road, Seagoe Industrial Estate, Craigavon, BT63 5PW Velká Británie.;;Binger Strasse 173, 55216 Ingelheim am Rhein, Nìmecko zastoupené spoleèností Boehringer Ingelheim, spol. s r.o., se sídlem Purkyòova 2121/3, Nové Mìsto, 110 00 Praha 1;Boehringer Ingelheim Pharma GmbH & Co KG, Birkendorfer Strasse 65, 88397 Biberach an der Riss, Nìmecko
0289245;04.03.2026;29.02.2028;1200;Zajištìní monosti léèby pacienta léèivım pøípravkem EXONDYS 51 s Duchennovou svalovou dystrofií (DMD), u nìho byla potvrzena mutace genu DMD s delecemi pøístupnımi pøeskoèení exonu 51. Specifickı léèebnı program je urèen k pokraèování léèby eteplirsenem dìtského pacienta, kterı se úèastnil klinického hodnocení EU CT Number 2024-511492-15-00.;Klinika dìtské neurologie (Neuromuskulární centrum) Fakultní nemocnice Brno, Dìtská nemocnice, Èernopolní 212/9, 613 00 Brno.;BioMedica EE, s.r.o., P.V. Rovnianka 5136/11, 03601 Martin, Slovensko;;BioMedica EE, s.r.o., P.V. Rovnianka 5136/11, 03601 Martin, Slovensko;Sarepta Therapeutics, Inc., 215 First Street, Cambridge, MA 02142 USA
0289245;18.11.2025;30.11.2027;1500;Zajištìní monosti léèby pacienta léèivım pøípravkem EXONDYS 51 s Duchennovou svalovou dystrofií (DMD), u nìho byla potvrzena mutace genu DMD s delecemi pøístupnımi pøeskoèení exonu 51. Specifickı léèebnı program je urèen k pokraèování léèby eteplirsenem dìtského pacienta, kterı se úèastnil klinického hodnocení EU CT Number 2024-511492-15-00.;Klinika dìtské neurologie 2. LF UK a FN Motol, Fakultní nemocnice v Motole, V Úvalu 84, 150 06 Praha 5;BioMedica EE s.r.o. o., P.V. Rovnianka 5136/11, Martin, 03601, Slovensko;;BioMedica EE s.r.o. o., P.V. Rovnianka 5136/11, Martin, 03601, Slovensko;Sarepta Therapeutics, Inc., 215 First Street, Cambridge, MA 02142, USA
0289246;20.11.2025;31.10.2027;160;Zpøístupnìní rilzabrutinibu pro léèbu dospìlıch pacientù s perzistující èi chronickou imunitní trombocytopenií (ITP), kteøí se úèastnili klinického hodnocení EU CT Number 2023-509397-39-00.;"- Interní hematologická a onkologická klinika, Fakultní nemocnice Brno, Jihlavská 340/20, 625 00 Brno-Bohunice,
- I. Interní klinika ? klinika hematologie, Všeobecná fakultní nemocnice v Praze, U Nemocnice 499/2, 128 08 Praha 2.";Clinigen Ireland Limited, Unit 12 Boeing Road, Airways Industrial Estate, Santry, Dublin, D17 K684 Irsko.;;Sanofi-Aventis Recherche & Développement, se sídlem 82 Avenue Raspail, 94250 Gentilly, Francie zastoupená spoleèností Clinigen Healthcare Ltd., se sídlem Pitcairn House Crown Square, Centrum 100, Burton On Trent, Staffordshire, DE14 2WW, Spojené království Velké Británie a Severního Irska;Clinigen Clinical Supplies Management GmbH, Am Kronberger Hang 3, 65824 Schwalbach am Taunus, Nìmecko
0289384;18.12.2025;30.09.2030;31500;"Zajištìní léèivého pøípravku s léèivou látkou tamoxifen pro paliativní a adjuvantní léèbu
karcinomu prsu s pozitivními estrogenovımi receptory.";"Poskytovatelé zdravotních slueb formou ambulantní a lùkové péèe se
specializací v oborech klinická onkologie, dìtská onkologie a hematologie, radiaèní
onkologie a onkogynekologie.";Olikla s.r.o., Námìstí Smiøickıch 42, 281 63 Kostelec nad Èernımi lesy;"V souladu s tímto rozhodnutím je léèivı pøípravek moné distribuovat do 30. 9. 2026.
Léèivı pøípravek dodanı do lékáren je moné vydávat a pouívat pøi poskytování
zdravotních slueb po dobu jeho doby pouitelnosti.";Olikla s.r.o., Námìstí Smiøickıch 42, 281 63 Kostelec nad Èernımi lesy;Orifarm Generics A/S, Energivej 15, 5260 Odense S, Dánsko
0289394;31.12.2025;31.12.2028;12000;"Zajištìní léèivého pøípravku s léèivou látkou suxamethonium-chlorid v lékové formì injekèního roztoku, kterı se pouívá k dosaení krátkodobé svalové relaxace bìhem chirurgickıch zákrokù po aplikaci celkové anestezie; k usnadnìní endotracheální intubace, pøi repozici dislokací a zlomenin, pøi podávání elektrošokové terapie a k léèbì laryngeálních køeèí a tetanu.";Poskytovatelé zdravotních slueb formou ambulantní a lùkové péèe a poskytovatelé zdravotnické záchranné sluby.;Olikla s.r.o., námìstí Smiøickıch 42, 281 63 Kostelec nad Èernımi lesy;V souladu s tímto rozhodnutím je léèivı pøípravek moné distribuovat do 31. 12. 2026. Léèivı pøípravek dodanı do lékáren je moné vydávat a pouívat pøi poskytování zdravotních slueb po dobu jeho doby pouitelnosti.;Olikla s.r.o., námìstí Smiøickıch 42, 281 63 Kostelec nad Èernımi lesy;"B. Braun Medical S.A., Ronda de Los Olivares, 5, 23009 Jaen, Španìlsko;
Centrafarm Services B.V., Van de Reijtstraat 31-E, 4814 NE Breda, Nizozemsko"
0289395;19.12.2025;31.12.2027;160;"Zajištìní pokraèování léèby pøípravkem TAK-881 u 6 pacientù se syndromem
primární imunodeficience (PID), kteøí se úèastnili klinického hodnocení EU CT
Number 2022-502095-23-01 (kód protokolu TAK-881-3001) a EU CT Number 2023-
505946-24-00 (kód protokolu TAK-881-3002) a mìli z léèby prospìch, po ukonèení
tohoto klinického hodnocení. Tento program není urèen pro léèbu pacientù, kteøí se
nezúèastnili klinického hodnocení.";"-Pediatrická klinika, Fakultní nemocnice Brno, Jihlavská 340/20, Bohunice,
625 00 Brno
-Ústav imunologie 2. LF UK a FN Motol, Fakultní nemocnice v Motole, V Úvalu
84/1, Motol, 150 00 Praha 5.";"Clinigen Ireland Limited, Airways Industrial Estate, Boeing Road, Unit 12, D17 K684 Santry,
Dublin, Irsko";;Takeda Development Center Americas, Inc., se sídlem Kendall Street 500, Cambridge, MA 02142, USA zastoupená spoleèností Clinigen Healthcare Ltd., se sídlem Pitcairn House Crown Square, Centrum 100, Burton On Trent, Staffordshire, DE14 2WW, Spojené království Velké Británie a Severního Irska;Clinigen Clinical Supplies Management GmbH, Am Kronberger Hang 3, 65824 Schwalbach am Taunus, Nìmecko
0289396;19.12.2025;31.12.2027;160;"Zajištìní pokraèování léèby pøípravkem TAK-881 u 6 pacientù se syndromem
primární imunodeficience (PID), kteøí se úèastnili klinického hodnocení EU CT
Number 2022-502095-23-01 (kód protokolu TAK-881-3001) a EU CT Number 2023-
505946-24-00 (kód protokolu TAK-881-3002) a mìli z léèby prospìch, po ukonèení
tohoto klinického hodnocení. Tento program není urèen pro léèbu pacientù, kteøí se
nezúèastnili klinického hodnocení.";"-Pediatrická klinika, Fakultní nemocnice Brno, Jihlavská 340/20, Bohunice,
625 00 Brno
-Ústav imunologie 2. LF UK a FN Motol, Fakultní nemocnice v Motole, V Úvalu
84/1, Motol, 150 00 Praha 5.";"Clinigen Ireland Limited, Airways Industrial Estate, Boeing Road, Unit 12, D17 K684 Santry,
Dublin, Irsko";;Takeda Development Center Americas, Inc., se sídlem Kendall Street 500, Cambridge, MA 02142, USA zastoupená spoleèností Clinigen Healthcare Ltd., se sídlem Pitcairn House Crown Square, Centrum 100, Burton On Trent, Staffordshire, DE14 2WW, Spojené království Velké Británie a Severního Irska;Clinigen Clinical Supplies Management GmbH, Am Kronberger Hang 3, 65824 Schwalbach am Taunus, Nìmecko
0289427;10.03.2026;29.02.2028;384;"Zajištìní pokraèování léèby itepekimabem u dospìlıch pacientù s bronchiektázií nesouvisející s cystickou fibrózou (Non-Cystic Fibrosis Bronchiectasis; NCFB), kteøí dokonèili klinické hodnocení EU CT Number 2023-508663-70-00 (kód protokolu ACT18018) a mìli z léèby prospìch.";"- MediTrial s.r.o., Václavská 95, 377 01 Jindøichùv Hradec,
- Plicní TAU s.r.o., T. G. Masaryka 205, 381 01 Èeskı Krumlov,
- První plicní ambulance s.r.o., Sokolovská 810/304, 190 00 Praha 9,
- Plicní ambulance Kralupy s.r.o., ikova 81, 278 01 Kralupy nad Vltavou,
- Klinika pneumologie a ftizeologie Fakultní nemocnice Plzeò, Edvarda Beneše 1128/13, 301 00 Plzeò-Bory.";Clinigen Ireland Limited, Unit 12 Boeing Road, Airways Industrial Estate, Dublin, D17 K684 Irsko;;Sanofi-Aventis Recherche & Développement, se sídlem 82 Avenue Raspail, 94250 Gentilly, Francie zastoupená spoleèností Clinigen Healthcare Limited, se sídlem Pitcairn House Crown Square, Centrum 100, Burton On Trent, Staffordshire, DE14 2WW, Spojené království Velké Británie a Severního Irska;Clinigen Clinical Supplies Management GmbH, Am Kronberger Hang 3, 65824 Schwalbach am Taunus, Nìmecko
0289427;06.01.2026;31.12.2027;336;Zajištìní pokraèování léèby itepekimabem u dospìlıch pacientù s chronickou obstrukèní plicní nemocí, kteøí dokonèili klinické hodnocení EU CT Number 2023-508085-15-00 (kód protokolu LTS18133) a mìli z léèby prospìch.;"-MediTrial s.r.o., Václavská 95, 377 01 Jindøichùv Hradec,
-Plicní ordinace s.r.o., Nádraní 582, 580 01 Havlíèkùv Brod.";Clinigen Ireland Limited, Unit 12 Boeing Road, Airways Industrial Estate, Dublin, D17 K684 Irsko;;Sanofi-Aventis Recherche & Développement, se sídlem 82 Avenue Raspail, 94250 Gentilly, Francie zastoupená spoleèností Clinigen Healthcare Limited, se sídlem Pitcairn House Crown Square, Centrum 100, Burton On Trent, Staffordshire, DE14 2WW, Spojené království Velké Británie a Severního Irska;Clinigen Clinical Supplies Management GmbH, Am Kronberger Hang 3, 65824 Schwalbach am Taunus, Nìmecko
0289485;15.01.2026;31.12.2029;400;Zajištìní pohotovostní zásoby léèivého pøípravku pro léèbu schistosomózy zpùsobené všemi druhy krevních motolic rodu Schistosoma (napø. Schistosoma mekongi, Schistosoma japonicum, Schistosoma mansoni a Schistosoma hematobium), klonorchiázy a opisthorchiázy zpùsobené jaterními motolicemi Clonorchis sinensis a Opisthorchis viverrini a souèasnì pro léèbu infekcí zpùsobenıch tasemnicemi (Cestoda) jako jsou teniózy (napø. Taenia saginata, Tania solium), cysticerkózy (napø. Taenia saginata, Tania solium), difylobotriózy (Diphyllobothrium latum), sparganózy (napø. nìkteré druhy rodu Spirometra) a jinıch infekcí zpùsobenıch tasemnicemi. Vzhledem k tomu, e v souhrnu údajù o pøípravku nejsou uvedeny dávky pro pouití pøi léèbì infekcí zpùsobenıch tasemnicemi, doporuèuje se léèbu infekcí zpùsobenıch tasemnicemi konzultovat s infektologem.;Poskytovatelé zdravotních slueb formou ambulantní a lùkové péèe (koordinace léèebného programu: Toxikologické informaèní støedisko Kliniky pracovního lékaøství Všeobecné fakultní nemocnice v Praze).;PHOENIX lékárenskı velkoobchod, s.r.o., K pérovnì 945/7, Hostivaø, 102 00 Praha 10;;Všeobecná fakultní nemocnice v Praze, U nemocnice 2/499, 128 08 Praha 2;Par Formulations Private Limited, 9/215 Pudupakkam-Vandalur Main Road, Pudupakkam, Kelambakkam, Chennai, 603103 Tamil Nadu, Indie
0289591;09.02.2026;29.02.2028;64000;Zajištìní léèivého pøípravku s kombinací léèivıch látek chloramfenikol a sodná sùl dexamethason-fosfátu pro oèní podání k léèbì zánìtlivıch oèních onemocnìní, která reagují na kortikosteroidy a u kterıch je souèasnì infekce zpùsobená pùvodci citlivımi na chloramfenikol nebo je vysoké riziko této infekce.;Poskytovatelé zdravotních slueb formou ambulantní a lùkové péèe.;Olikla s.r.o., Námìstí Smiøickıch 42, 281 63 Kostelec nad Èernımi lesy;;Olikla s.r.o., Námìstí Smiøickıch 42, 281 63 Kostelec nad Èernımi lesy;COOPER Pharmaceuticals S.A., Aristovoulou 64, 118 53 Atény, Øecko
0289945;27.02.2026;29.02.2028;5600;"Zajištìní léèivého pøípravku s léèivou látkou levofloxacin v perorální lékové formì, kterı je indikován u dospìlıch k léèbì následujících infekcí:
-akutní pyelonefritida a komplikované infekce moèovıch cest,
-chronická bakteriální prostatitida,
-inhalaèní antrax: pro postexpozièní profylaxi a kurativní léèbu.
U níe uvedenıch infekcí by se levofloxacin mìl pouívat pouze tehdy, pokud jiné bìnì doporuèované antibakteriální látky nejsou povaovány za vhodné k léèbì tìchto infekcí:
-akutní bakteriální sinusitida,
-akutní exacerbace chronické obstrukèní plicní nemoci (vèetnì bronchitidy),
-komunitní pneumonie,
-komplikované infekce kùe a mìkkıch tkání,
-nekomplikovaná cystitida.
Levofloxacin lze také pouít k dokonèení léèby u pacientù, u kterıch došlo ke zlepšení bìhem poèáteèní léèby intravenózním levofloxacinem. Je tøeba dodrovat oficiální doporuèení tıkající se správného pouívání antibakteriálních látek. Pøedepsání a pouití léèivého pøípravku je moné pouze na základì doporuèení antibiotického støediska.";Poskytovatelé zdravotních slueb formou ambulantní a lùkové péèe.;Olikla s.r.o., Námìstí Smiøickıch 42, 281 63 Kostelec nad Èernımi lesy;;Olikla s.r.o., Námìstí Smiøickıch 42, 281 63 Kostelec nad Èernımi lesy;Kern Pharma, S.L., Venus, 72 ? Pol. Ind. Colón II, 08228 Terrassa ? Barcelona, Španìlsko
0295950;30.04.2026;28.02.2030;13000;Zajištìní léèivého pøípravku s léèivou látkou kolchicin k léèbì a k profylaxi akutních záchvatù dny u dospìlıch pacientù a k profylaxi záchvatù a prevenci amyloidózy u familiární støedomoøské horeèky dospìlıch a pediatrickıch pacientù.;Poskytovatelé zdravotních slueb formou ambulantní a lùkové péèe.;Pharmos, a.s., Tìšínská 1349/296, Radvanice, 716 00 Ostrava;V souladu s tímto rozhodnutím je neregistrovanı léèivı pøípravek COLCHANOVA moné distribuovat do 28. 2. 2027. Léèivé pøípravky dodané do lékáren je moné vydávat a pouívat pøi poskytování zdravotních slueb po dobu jejich doby pouitelnosti.;Pharmaselect CZ s.r.o., Karolinská 654/2, 186 00 Praha 8;"Pharmaselect International Beteiligungs GmbH, Ernst-Melchior-Gasse 20,
1020 Vídeò, Rakousko"
0295951;30.04.2026;28.02.2030;13000;Zajištìní léèivého pøípravku s léèivou látkou kolchicin k léèbì a k profylaxi akutních záchvatù dny u dospìlıch pacientù a k profylaxi záchvatù a prevenci amyloidózy u familiární støedomoøské horeèky dospìlıch a pediatrickıch pacientù.;Poskytovatelé zdravotních slueb formou ambulantní a lùkové péèe.;Pharmos, a.s., Tìšínská 1349/296, Radvanice, 716 00 Ostrava;V souladu s tímto rozhodnutím je neregistrovanı léèivı pøípravek COLCAMEDIN moné distribuovat do 28. 2. 2027. Léèivé pøípravky dodané do lékáren je moné vydávat a pouívat pøi poskytování zdravotních slueb po dobu jejich doby pouitelnosti.;Pharmaselect CZ s.r.o., Karolinská 654/2, 186 00 Praha 8;"Pharmaselect International Beteiligungs GmbH, Ernst-Melchior-Gasse 20,
1020 Vídeò, Rakousko"
0295963;20.04.2026;31.03.2028;26400;"Zajištìní léèivého pøípravku s léèivou látkou haloperidol v lékové formì injekèního roztoku pro intramuskulární podání pro dospìlé pacienty k:
-léèbì rychlé kontroly tìké akutní psychomotorické agitovanosti spojené s psychotickou poruchou nebo s manickımi epizodami bipolární poruchy typu I, pokud perorální léèba není vhodná,
- akutní léèbì deliria, pokud selhaly nefarmakologické zpùsoby léèby,
-léèbì lehké a støednì tìké chorey pøi Huntingtonovì chorobì, pokud jiné léèivé pøípravky jsou neúèinné nebo nejsou tolerovány a perorální léèba není vhodná,
-monoterapeutické nebo kombinované profylaxi u pacientù se støedním a vysokım rizikem pooperaèní nauzey a zvracení, pokud jsou jiné léèivé pøípravky neúèinné nebo nejsou tolerovány,
-kombinované léèbì pooperaèní nauzey a zvracení, pokud jsou jiné léèivé pøípravky neúèinné nebo nejsou tolerovány.";Poskytovatelé zdravotních slueb formou ambulantní a lùkové péèe.;"AV Medical CZ s.r.o., Dobronická 1257, 148 00 Praha 4 - Kunratice, Èeská
republika";;"AV Medical CZ s.r.o., Dobronická 1257, 148 00 Praha 4 - Kunratice, Èeská
republika";SOPHARMA AD, Iliensko Shosse Str. 16, 1220 Sofia, Bulharsko
0296568;20.05.2026;31.01.2030;8000;"Zajištìní léèivého pøípravku s léèivou látkou haloperidol v lékové formì injekèního roztoku pro intramuskulární podání pro dospìlé pacienty k:
-rychlé kontrole závanıch akutních symptomù psychomotorické agitace u psychotickıch poruch nebo manickıch epizod bipolární poruchy, pokud nelze pouít perorální léèbu,
-akutní léèbì deliria po selhání nefarmakologické léèby,
-léèbì mírné a støednì tìké chorey u Huntingtonovy choroby, pokud jiné léèivé pøípravky nejsou úèinné nebo nejsou tolerovány a nelze pouít perorální léèbu,
-prevenci pooperaèní nevolnosti a zvracení, buï v monoterapii nebo v kombinaci, u pacientù se støedním nebo vysokım rizikem nevolnosti a zvracení, pokud jiné léèivé pøípravky nejsou úèinné nebo nejsou tolerovány,
-kombinované léèbì pooperaèní nevolnosti a zvracení, pokud jsou jiné léèivé pøípravky neúèinné nebo nejsou tolerovány.";Poskytovatelé zdravotních slueb formou ambulantní a lùkové péèe.;Olikla s.r.o., Námìstí Smiøickıch 42, 281 63 Kostelec nad Èernımi lesy;V souladu s tímto rozhodnutím je léèivı pøípravek moné distribuovat do 31. 1. 2027. Léèivı pøípravek dodanı do lékáren je moné vydávat a pouívat pøi poskytování zdravotních slueb po dobu jeho doby pouitelnosti.;Olikla s.r.o., Námìstí Smiøickıch 42, 281 63 Kostelec nad Èernımi lesy;Zak³ady Farmaceutyczne POLPHARMA S.A., ul. Pelpliñska 19, 83-200 Starogard Gdañski, Polsko
